Device,geo:long,geo:lat,Perception,Timestamp
Device 1,4.308605,50.8660761,1,2018-09-20 8:47:25
Device 1,4.308605,50.8660761,1,2018-09-20 8:48:38
Device 1,4.3086429,50.8660664,5,2018-09-20 8:54:50
Device 1,4.3086429,50.8660664,5,2018-09-20 8:55:08
Device 1,4.3086429,50.8660664,5,2018-09-20 8:55:59
Device 1,4.3086429,50.8660664,5,2018-09-20 8:56:34
Device 1,4.3086429,50.8660664,5,2018-09-20 8:56:59
Device 1,4.3086429,50.8660664,4,2018-09-20 8:57:27
Device 1,4.3086429,50.8660664,5,2018-09-20 8:58:52
Device 1,4.3086429,50.8660664,5,2018-09-20 8:59:08
Device 1,4.3086429,50.8660664,4,2018-09-20 8:59:57
Device 1,4.3086429,50.8660664,5,2018-09-20 9:01:16
Device 1,4.3086429,50.8660664,5,2018-09-20 9:01:37
Device 1,4.3086429,50.8660664,5,2018-09-20 9:01:55
Device 1,4.3090105,50.8667042,5,2018-09-20 9:02:07
Device 1,4.3090105,50.8667042,4,2018-09-20 9:02:15
Device 1,4.3090105,50.8667042,4,2018-09-20 9:04:28
Device 1,4.3090105,50.8667042,5,2018-09-20 9:04:48
Device 1,4.3071205,50.866791,4,2018-09-20 9:05:27
Device 1,4.3071205,50.866791,5,2018-09-20 9:05:36
Device 1,4.3071205,50.866791,2,2018-09-20 9:07:49
Device 1,4.3071205,50.866791,2,2018-09-20 9:08:07
Device 1,4.3071205,50.866791,4,2018-09-20 9:08:25
Device 1,4.3049679,50.8666204,4,2018-09-20 9:09:47
Device 1,4.3049679,50.8666204,5,2018-09-20 9:09:57
Device 1,4.3049679,50.8666204,4,2018-09-20 9:10:08
Device 1,4.3049679,50.8666204,5,2018-09-20 9:10:49
Device 1,4.3049679,50.8666204,1,2018-09-20 9:11:12
Device 1,4.3051239,50.8659225,5,2018-09-20 9:11:37
Device 1,4.3049066,50.8659393,4,2018-09-20 9:12:02
Device 1,4.3049057,50.8659395,4,2018-09-20 9:12:38
Device 1,4.3049057,50.8659395,5,2018-09-20 9:12:51
Device 1,4.3049057,50.8659395,4,2018-09-20 9:13:08
Device 1,4.3049057,50.8659395,4,2018-09-20 9:14:26
Device 1,4.3049057,50.8659395,1,2018-09-20 9:16:49
Device 1,4.3049057,50.8659395,1,2018-09-20 9:17:02
Device 1,4.3049057,50.8659395,5,2018-09-20 9:17:20
Device 1,4.3061231,50.865011,4,2018-09-20 9:18:16
Device 1,4.3064777,50.8647543,4,2018-09-20 9:18:46
Device 1,4.3083131,50.8649753,5,2018-09-20 9:21:17
Device 1,4.308328,50.8649642,5,2018-09-20 9:21:48
Device 1,4.308328,50.8649642,5,2018-09-20 9:22:07
Device 1,4.3104547,50.8656034,4,2018-09-20 9:25:22
Device 1,4.3104532,50.8656277,5,2018-09-20 9:25:34
Device 1,4.3104489,50.8655817,5,2018-09-20 9:26:02
Device 1,4.3104691,50.8655882,5,2018-09-20 9:26:12
Device 1,4.309272,50.8666198,5,2018-09-20 9:28:20
Device 1,4.3091484,50.866524,5,2018-09-20 9:28:51
Device 1,4.3090364,50.8664342,5,2018-09-20 9:29:03
Device 1,4.3089021,50.8662901,5,2018-09-20 9:29:18
,,,,
Device 1,4.3525707,50.841249,1,2018-12-07 8:02:21
Device 1,4.3522394,50.8410848,1,2018-12-07 8:41:59
Device 1,4.3527057,50.8414602,4,2018-12-07 9:47:08
Device 1,4.352724,50.8414721,5,2018-12-07 9:48:01
Device 1,4.3527529,50.8414908,4,2018-12-07 9:48:22
Device 1,4.3527537,50.8414913,2,2018-12-07 9:50:45
Device 1,4.3527537,50.8414913,4,2018-12-07 9:51:13
Device 1,4.3525372,50.8412474,5,2018-12-07 9:51:41
Device 1,4.3525356,50.841248,4,2018-12-07 9:52:04
Device 1,4.3510819,50.8420325,5,2018-12-07 9:59:12
Device 1,4.3510819,50.8420325,5,2018-12-07 9:59:29
Device 1,4.3510819,50.8420325,4,2018-12-07 10:00:03
Device 1,4.3510819,50.8420325,2,2018-12-07 10:00:24
Device 1,4.351596,50.8418047,5,2018-12-07 10:02:38
Device 1,4.3536105,50.8414578,4,2018-12-07 10:04:39
Device 1,4.3537007,50.8415,4,2018-12-07 10:05:16
Device 1,4.3537007,50.8415,5,2018-12-07 10:05:23
Device 1,4.3537007,50.8415,5,2018-12-07 10:05:39
Device 1,4.3537007,50.8415,4,2018-12-07 10:06:20
Device 1,4.3538051,50.8415071,5,2018-12-07 10:06:59
Device 1,4.356215,50.8396748,4,2018-12-07 10:12:38
Device 1,4.356215,50.8396748,5,2018-12-07 10:12:59
Device 1,4.356215,50.8396748,2,2018-12-07 10:13:27
Device 1,4.3562647,50.8397403,4,2018-12-07 10:14:59
Device 1,4.3538256,50.8393046,4,2018-12-07 10:19:22
Device 1,4.3538256,50.8393046,5,2018-12-07 10:19:32
Device 1,4.3538256,50.8393046,4,2018-12-07 10:19:54
Device 1,4.3538256,50.8393046,5,2018-12-07 10:20:05
Device 1,4.3538256,50.8393046,5,2018-12-07 10:20:11
Device 1,4.3538256,50.8393046,4,2018-12-07 10:20:45
Device 1,4.3538044,50.8393331,5,2018-12-07 10:21:17
Device 1,4.3538287,50.8393129,4,2018-12-07 10:21:34
Device 1,4.3546977,50.840167,4,2018-12-07 10:24:35
Device 1,4.3546977,50.840167,5,2018-12-07 10:24:43
Device 1,4.3546977,50.840167,5,2018-12-07 10:25:01
Device 1,4.3548931,50.84024,5,2018-12-07 10:25:17
Device 1,4.3549689,50.8402563,4,2018-12-07 10:26:09
Device 1,4.3550829,50.8402704,5,2018-12-07 10:26:43
Device 1,4.3550997,50.8402709,4,2018-12-07 10:26:51
Device 1,4.3540244,50.8409532,4,2018-12-07 10:30:20
Device 1,4.3540244,50.8409532,5,2018-12-07 10:30:26
Device 1,4.3537509,50.840927,4,2018-12-07 10:31:45
Device 1,4.3536851,50.840956,5,2018-12-07 10:32:34
Device 1,4.3515841,50.8412799,1,2018-12-07 10:37:21
Device 1,4.3518396,50.8409387,1,2018-12-07 10:40:03
Device 1,4.3517652,50.8411984,1,2018-12-07 10:40:39
Device 1,4.3517652,50.8411984,2,2018-12-07 10:40:53
,,,,
,,,,
,,,,
,,,,
,,,,
,,,,
,,,,
,,,,
,,,,
,,,,
,,,,
,,,,
,,,,
,,,,
,,,,
,,,,
,,,,
,,,,
,,,,
,,,,
,,,,
,,,,
,,,,
,,,,
,,,,
,,,,
,,,,
,,,,
,,,,
,,,,
,,,,
,,,,
,,,,
,,,,
,,,,
,,,,
,,,,
,,,,
,,,,
,,,,
,,,,
,,,,
,,,,
,,,,
,,,,
,,,,
,,,,
,,,,
,,,,
,,,,
,,,,
,,,,
,,,,
,,,,
,,,,
,,,,
,,,,
,,,,
,,,,
,,,,
,,,,
,,,,
,,,,
,,,,
,,,,
,,,,
,,,,
,,,,
,,,,
,,,,
,,,,
,,,,
,,,,
,,,,
,,,,
,,,,
,,,,
,,,,
,,,,
,,,,
,,,,
,,,,
,,,,
,,,,
,,,,
,,,,
,,,,
,,,,
,,,,
,,,,
,,,,
,,,,
,,,,
,,,,
,,,,
,,,,
,,,,
,,,,
,,,,
,,,,
,,,,
,,,,
,,,,
,,,,
,,,,
,,,,
,,,,
,,,,
,,,,
,,,,
,,,,
,,,,
,,,,
,,,,
,,,,
,,,,
,,,,
,,,,
,,,,
,,,,
,,,,
,,,,
,,,,
,,,,
,,,,
,,,,
,,,,
,,,,
,,,,
,,,,
,,,,
,,,,
,,,,
,,,,
,,,,
,,,,
,,,,
,,,,
,,,,
,,,,
,,,,
,,,,
,,,,
,,,,
,,,,
,,,,
,,,,
,,,,
,,,,
,,,,
,,,,
,,,,
,,,,
,,,,
,,,,
,,,,
,,,,
,,,,
,,,,
,,,,
,,,,
,,,,
,,,,
,,,,
,,,,
,,,,
,,,,
,,,,
,,,,
,,,,
,,,,
,,,,
,,,,
,,,,
,,,,
,,,,
,,,,
,,,,
,,,,
,,,,
,,,,
,,,,
,,,,
,,,,
,,,,
,,,,
,,,,
,,,,
,,,,
,,,,
,,,,
,,,,
,,,,
,,,,
,,,,
,,,,
,,,,
,,,,
,,,,
,,,,
,,,,
,,,,
,,,,
,,,,
,,,,
,,,,
,,,,
,,,,
,,,,
,,,,
,,,,
,,,,
,,,,
,,,,
,,,,
,,,,
,,,,
,,,,
,,,,
,,,,
,,,,
,,,,
,,,,
,,,,
,,,,
,,,,
,,,,
,,,,
,,,,
,,,,
,,,,
,,,,
,,,,
,,,,
,,,,
,,,,
,,,,
,,,,
,,,,
,,,,
,,,,
,,,,
,,,,
,,,,
,,,,
,,,,
,,,,
,,,,
,,,,
,,,,
,,,,
,,,,
,,,,
,,,,
,,,,
,,,,
,,,,
,,,,
,,,,
,,,,
,,,,
,,,,
,,,,
,,,,
,,,,
,,,,
,,,,
,,,,
,,,,
,,,,
,,,,
,,,,
,,,,
,,,,
,,,,
,,,,
,,,,
,,,,
,,,,
,,,,
,,,,
,,,,
,,,,
,,,,
,,,,
,,,,
,,,,
,,,,
,,,,
,,,,
,,,,
,,,,
,,,,
,,,,
,,,,
,,,,
,,,,
,,,,
,,,,
,,,,
,,,,
,,,,
,,,,
,,,,
,,,,
,,,,
,,,,
,,,,
,,,,
,,,,
,,,,
,,,,
,,,,
,,,,
,,,,
,,,,
,,,,
,,,,
,,,,
,,,,
,,,,
,,,,
,,,,
,,,,
,,,,
,,,,
,,,,
,,,,
,,,,
,,,,
,,,,
,,,,
,,,,
,,,,
,,,,
,,,,
,,,,
,,,,
,,,,
,,,,
,,,,
,,,,
,,,,
,,,,
,,,,
,,,,
,,,,
,,,,
,,,,
,,,,
,,,,
,,,,
,,,,
,,,,
,,,,
,,,,
,,,,
,,,,
,,,,
,,,,
,,,,
,,,,
,,,,
,,,,
,,,,
,,,,
,,,,
,,,,
,,,,
,,,,
,,,,
,,,,
,,,,
,,,,
,,,,
,,,,
,,,,
,,,,
,,,,
,,,,
,,,,
,,,,
,,,,
,,,,
,,,,
,,,,
,,,,
,,,,
,,,,
,,,,
,,,,
,,,,
,,,,
,,,,
,,,,
,,,,
,,,,
,,,,
,,,,
,,,,
,,,,
,,,,
,,,,
,,,,
,,,,
,,,,
,,,,
,,,,
,,,,
,,,,
,,,,
,,,,
,,,,
,,,,
,,,,
,,,,
,,,,
,,,,
,,,,
,,,,
,,,,
,,,,
,,,,
,,,,
,,,,
,,,,
,,,,
,,,,
,,,,
,,,,
,,,,
,,,,
,,,,
,,,,
,,,,
,,,,
,,,,
,,,,
,,,,
,,,,
,,,,
,,,,
,,,,
,,,,
,,,,
,,,,
,,,,
,,,,
,,,,
,,,,
,,,,
,,,,
,,,,
,,,,
,,,,
,,,,
,,,,
,,,,
,,,,
,,,,
,,,,
,,,,
,,,,
,,,,
,,,,
,,,,
,,,,
,,,,
,,,,
,,,,
,,,,
,,,,
,,,,
,,,,
,,,,
,,,,
,,,,
,,,,
,,,,
,,,,
,,,,
,,,,
,,,,
,,,,
,,,,
,,,,
,,,,
,,,,
,,,,
,,,,
,,,,
,,,,
,,,,
,,,,
,,,,
,,,,
,,,,
,,,,
,,,,
,,,,
,,,,
,,,,
,,,,
,,,,
,,,,
,,,,
,,,,
,,,,
,,,,
,,,,
,,,,
,,,,
,,,,
,,,,
,,,,
,,,,
,,,,
,,,,
,,,,
,,,,
,,,,
,,,,
,,,,
,,,,
,,,,
,,,,
,,,,
,,,,
,,,,
,,,,
,,,,
,,,,
,,,,
,,,,
,,,,
,,,,
,,,,
,,,,
,,,,
,,,,
,,,,
,,,,
,,,,
,,,,
,,,,
,,,,
,,,,
,,,,
,,,,
,,,,
,,,,
,,,,
,,,,
,,,,
,,,,
,,,,
,,,,
,,,,
,,,,
,,,,
,,,,
,,,,
,,,,
,,,,
,,,,
,,,,
,,,,
,,,,
,,,,
,,,,
,,,,
,,,,
,,,,
,,,,
,,,,
,,,,
,,,,
,,,,
,,,,
,,,,
,,,,
,,,,
,,,,
,,,,
,,,,
,,,,
,,,,
,,,,
,,,,
,,,,
,,,,
,,,,
,,,,
,,,,
,,,,
,,,,
,,,,
,,,,
,,,,
,,,,
,,,,
,,,,
,,,,
,,,,
,,,,
,,,,
,,,,
,,,,
,,,,
,,,,
,,,,
,,,,
,,,,
,,,,
,,,,
,,,,
,,,,
,,,,
,,,,
,,,,
,,,,
,,,,
,,,,
,,,,
,,,,
,,,,
,,,,
,,,,
,,,,
,,,,
,,,,
,,,,
,,,,
,,,,
,,,,
,,,,
,,,,
,,,,
,,,,
,,,,
,,,,
,,,,
,,,,
,,,,
,,,,
,,,,
,,,,
,,,,
,,,,
,,,,
,,,,
,,,,
Device 3,-2.1184538,53.2516088,5,2018-06-09 15:08:47
Device 3,-2.1191731,53.2516144,5,2018-06-09 15:10:25
Device 3,-2.1195202,53.2519024,5,2018-06-09 15:11:07
Device 3,-2.11965,53.2518951,4,2018-06-09 15:11:20
Device 3,-2.1210236,53.250206,5,2018-06-09 15:22:05
Device 3,-2.1184586,53.2508925,4,2018-06-09 15:27:24
Device 3,-2.1167115,53.2517637,2,2018-06-09 15:30:56
Device 3,-2.1169782,53.2521221,2,2018-06-09 15:32:31
Device 3,-2.1184222,53.2515687,4,2018-06-09 15:36:02
Device 3,-2.1184232,53.2516488,4,2018-06-09 15:36:34
,,,,
Device 3,4.3086148,50.8660722,4,2018-09-20 8:54:08
Device 3,4.3086128,50.8660742,4,2018-09-20 8:54:32
Device 3,4.3086742,50.865987,5,2018-09-20 8:54:49
Device 3,4.3086031,50.8660777,4,2018-09-20 8:55:40
Device 3,4.3085805,50.8660728,4,2018-09-20 8:56:32
Device 3,4.3085805,50.8660728,4,2018-09-20 8:57:01
Device 3,4.3085805,50.8660728,4,2018-09-20 8:57:14
Device 3,4.3085805,50.8660728,4,2018-09-20 8:57:32
Device 3,4.3085805,50.8660728,4,2018-09-20 8:57:56
Device 3,4.3091411,50.8662159,4,2018-09-20 8:58:38
Device 3,4.3089579,50.8663097,4,2018-09-20 8:59:19
Device 3,4.3090571,50.8664095,4,2018-09-20 8:59:39
Device 3,4.3091468,50.8664991,5,2018-09-20 8:59:55
Device 3,4.309191,50.8665182,4,2018-09-20 9:00:19
Device 3,4.3091874,50.8665278,4,2018-09-20 9:00:55
Device 3,4.3091784,50.86653,5,2018-09-20 9:01:04
Device 3,4.3091729,50.8665446,5,2018-09-20 9:01:25
Device 3,4.3091735,50.8665983,5,2018-09-20 9:01:40
Device 3,4.3088692,50.8667811,4,2018-09-20 9:02:27
Device 3,4.3078958,50.867069,4,2018-09-20 9:03:20
Device 3,4.3076096,50.8670678,4,2018-09-20 9:03:37
Device 3,4.3072281,50.867,4,2018-09-20 9:04:09
Device 3,4.3072021,50.8670279,5,2018-09-20 9:04:53
Device 3,4.3053447,50.8669797,4,2018-09-20 9:07:21
Device 3,4.3050353,50.8667777,4,2018-09-20 9:07:35
Device 3,4.3050029,50.8667465,4,2018-09-20 9:07:52
Device 3,4.304997,50.866733,2,2018-09-20 9:08:02
Device 3,4.3049613,50.8666981,4,2018-09-20 9:08:24
Device 3,4.3049521,50.8666944,5,2018-09-20 9:08:30
Device 3,4.3050094,50.8659864,5,2018-09-20 9:11:27
Device 3,4.3050084,50.8659965,4,2018-09-20 9:12:07
Device 3,4.3049781,50.865974,4,2018-09-20 9:12:21
Device 3,4.3049603,50.8659827,5,2018-09-20 9:12:28
Device 3,4.3049433,50.8659927,4,2018-09-20 9:12:34
Device 3,4.3049522,50.8659959,4,2018-09-20 9:13:03
Device 3,4.3058106,50.8653113,4,2018-09-20 9:15:34
Device 3,4.3062208,50.8650332,5,2018-09-20 9:16:11
Device 3,4.3062849,50.86498,4,2018-09-20 9:16:18
Device 3,4.3062889,50.8649635,5,2018-09-20 9:16:36
Device 3,4.3063107,50.8649652,4,2018-09-20 9:16:47
Device 3,4.3063685,50.8649382,5,2018-09-20 9:17:05
Device 3,4.3062428,50.8649234,5,2018-09-20 9:17:38
Device 3,4.3063625,50.86493,5,2018-09-20 9:17:58
Device 3,4.3063157,50.8648899,5,2018-09-20 9:18:20
Device 3,4.3064665,50.8649067,4,2018-09-20 9:18:43
Device 3,4.307797,50.8648986,4,2018-09-20 9:20:23
Device 3,4.3083094,50.8650317,4,2018-09-20 9:20:58
Device 3,4.3084197,50.8650739,5,2018-09-20 9:21:18
Device 3,4.308423,50.8650719,4,2018-09-20 9:21:32
Device 3,4.3084335,50.8650742,5,2018-09-20 9:21:46
Device 3,4.3083933,50.8650526,4,2018-09-20 9:22:27
Device 3,4.3083303,50.8649914,4,2018-09-20 9:23:04
Device 3,4.3104398,50.8656506,4,2018-09-20 9:25:17
Device 3,4.310466,50.8656397,5,2018-09-20 9:25:37
Device 3,4.3104915,50.8656264,5,2018-09-20 9:26:10
Device 3,4.3088511,50.8660649,4,2018-09-20 9:31:49
,,,,
,,,,
,,,,
,,,,
,,,,
,,,,
,,,,
,,,,
,,,,
,,,,
,,,,
,,,,
,,,,
,,,,
,,,,
,,,,
,,,,
,,,,
,,,,
,,,,
,,,,
,,,,
,,,,
,,,,
,,,,
,,,,
,,,,
,,,,
,,,,
,,,,
,,,,
,,,,
,,,,
,,,,
,,,,
,,,,
,,,,
,,,,
,,,,
,,,,
,,,,
,,,,
,,,,
,,,,
,,,,
,,,,
,,,,
,,,,
,,,,
,,,,
,,,,
,,,,
,,,,
,,,,
,,,,
,,,,
,,,,
,,,,
,,,,
,,,,
,,,,
,,,,
,,,,
,,,,
,,,,
,,,,
,,,,
,,,,
,,,,
,,,,
,,,,
,,,,
,,,,
,,,,
,,,,
,,,,
,,,,
,,,,
,,,,
,,,,
,,,,
,,,,
,,,,
,,,,
,,,,
,,,,
,,,,
,,,,
,,,,
,,,,
,,,,
,,,,
,,,,
,,,,
,,,,
,,,,
,,,,
,,,,
,,,,
,,,,
,,,,
,,,,
,,,,
,,,,
,,,,
,,,,
,,,,
,,,,
,,,,
,,,,
,,,,
,,,,
,,,,
,,,,
,,,,
,,,,
,,,,
,,,,
,,,,
,,,,
,,,,
,,,,
,,,,
,,,,
,,,,
,,,,
,,,,
,,,,
,,,,
,,,,
,,,,
,,,,
,,,,
,,,,
,,,,
,,,,
,,,,
,,,,
,,,,
,,,,
,,,,
,,,,
,,,,
,,,,
,,,,
,,,,
,,,,
,,,,
,,,,
,,,,
,,,,
,,,,
,,,,
,,,,
,,,,
,,,,
,,,,
,,,,
,,,,
,,,,
,,,,
,,,,
,,,,
,,,,
,,,,
,,,,
,,,,
,,,,
,,,,
,,,,
,,,,
,,,,
,,,,
,,,,
,,,,
,,,,
,,,,
,,,,
,,,,
,,,,
,,,,
,,,,
,,,,
,,,,
,,,,
,,,,
,,,,
,,,,
,,,,
,,,,
,,,,
,,,,
,,,,
,,,,
,,,,
,,,,
,,,,
,,,,
,,,,
,,,,
,,,,
,,,,
,,,,
,,,,
,,,,
,,,,
,,,,
,,,,
,,,,
,,,,
,,,,
,,,,
,,,,
,,,,
,,,,
,,,,
,,,,
,,,,
,,,,
,,,,
,,,,
,,,,
,,,,
,,,,
,,,,
,,,,
,,,,
,,,,
,,,,
,,,,
,,,,
,,,,
,,,,
,,,,
,,,,
,,,,
,,,,
,,,,
,,,,
,,,,
,,,,
,,,,
,,,,
,,,,
,,,,
,,,,
,,,,
,,,,
,,,,
,,,,
,,,,
,,,,
,,,,
,,,,
,,,,
,,,,
,,,,
,,,,
,,,,
,,,,
,,,,
,,,,
,,,,
,,,,
,,,,
,,,,
,,,,
,,,,
,,,,
,,,,
,,,,
,,,,
,,,,
,,,,
,,,,
,,,,
,,,,
,,,,
,,,,
,,,,
,,,,
,,,,
,,,,
,,,,
,,,,
,,,,
,,,,
,,,,
,,,,
,,,,
,,,,
,,,,
,,,,
,,,,
,,,,
,,,,
,,,,
,,,,
,,,,
,,,,
,,,,
,,,,
,,,,
,,,,
,,,,
,,,,
,,,,
,,,,
,,,,
,,,,
,,,,
,,,,
,,,,
,,,,
,,,,
,,,,
,,,,
,,,,
,,,,
,,,,
,,,,
,,,,
,,,,
,,,,
,,,,
,,,,
,,,,
,,,,
,,,,
,,,,
,,,,
,,,,
,,,,
,,,,
,,,,
,,,,
,,,,
,,,,
,,,,
,,,,
,,,,
,,,,
,,,,
,,,,
,,,,
,,,,
,,,,
,,,,
,,,,
,,,,
,,,,
,,,,
,,,,
,,,,
,,,,
,,,,
,,,,
,,,,
,,,,
,,,,
,,,,
,,,,
,,,,
,,,,
,,,,
,,,,
,,,,
,,,,
,,,,
,,,,
,,,,
,,,,
,,,,
,,,,
,,,,
,,,,
,,,,
,,,,
,,,,
,,,,
,,,,
,,,,
,,,,
,,,,
,,,,
,,,,
,,,,
,,,,
,,,,
,,,,
,,,,
,,,,
,,,,
,,,,
,,,,
,,,,
,,,,
,,,,
,,,,
,,,,
,,,,
,,,,
,,,,
,,,,
,,,,
,,,,
,,,,
,,,,
,,,,
,,,,
,,,,
,,,,
,,,,
,,,,
,,,,
,,,,
,,,,
,,,,
,,,,
,,,,
,,,,
,,,,
,,,,
,,,,
,,,,
,,,,
,,,,
,,,,
,,,,
,,,,
,,,,
,,,,
,,,,
,,,,
,,,,
,,,,
,,,,
,,,,
,,,,
,,,,
,,,,
,,,,
,,,,
,,,,
,,,,
,,,,
,,,,
,,,,
,,,,
,,,,
,,,,
,,,,
,,,,
,,,,
,,,,
,,,,
,,,,
,,,,
,,,,
,,,,
,,,,
,,,,
,,,,
,,,,
,,,,
,,,,
,,,,
,,,,
,,,,
,,,,
,,,,
,,,,
,,,,
,,,,
,,,,
,,,,
,,,,
,,,,
,,,,
,,,,
,,,,
,,,,
,,,,
,,,,
,,,,
,,,,
,,,,
,,,,
,,,,
,,,,
,,,,
,,,,
,,,,
,,,,
,,,,
,,,,
,,,,
,,,,
,,,,
,,,,
,,,,
,,,,
,,,,
,,,,
,,,,
,,,,
,,,,
,,,,
,,,,
,,,,
,,,,
,,,,
,,,,
,,,,
,,,,
,,,,
,,,,
,,,,
,,,,
,,,,
,,,,
,,,,
,,,,
,,,,
,,,,
,,,,
,,,,
,,,,
,,,,
,,,,
,,,,
,,,,
,,,,
,,,,
,,,,
,,,,
,,,,
,,,,
,,,,
,,,,
,,,,
,,,,
,,,,
,,,,
,,,,
,,,,
,,,,
,,,,
,,,,
,,,,
,,,,
,,,,
,,,,
,,,,
,,,,
,,,,
,,,,
,,,,
,,,,
,,,,
,,,,
,,,,
,,,,
,,,,
,,,,
,,,,
,,,,
,,,,
,,,,
,,,,
,,,,
,,,,
,,,,
,,,,
,,,,
,,,,
,,,,
,,,,
,,,,
,,,,
,,,,
,,,,
,,,,
,,,,
,,,,
,,,,
,,,,
,,,,
,,,,
,,,,
,,,,
,,,,
,,,,
,,,,
,,,,
,,,,
,,,,
,,,,
,,,,
,,,,
,,,,
,,,,
,,,,
,,,,
,,,,
,,,,
,,,,
,,,,
,,,,
,,,,
,,,,
,,,,
,,,,
,,,,
,,,,
,,,,
,,,,
,,,,
,,,,
,,,,
,,,,
,,,,
,,,,
,,,,
,,,,
,,,,
,,,,
,,,,
,,,,
,,,,
,,,,
,,,,
,,,,
,,,,
,,,,
,,,,
,,,,
,,,,
,,,,
,,,,
,,,,
,,,,
,,,,
,,,,
,,,,
,,,,
,,,,
,,,,
,,,,
,,,,
,,,,
,,,,
,,,,
,,,,
,,,,
,,,,
,,,,
,,,,
,,,,
,,,,
,,,,
,,,,
,,,,
,,,,
,,,,
,,,,
,,,,
,,,,
,,,,
,,,,
,,,,
,,,,
,,,,
,,,,
,,,,
,,,,
,,,,
,,,,
,,,,
,,,,
,,,,
,,,,
,,,,
,,,,
,,,,
,,,,
,,,,
,,,,
,,,,
,,,,
,,,,
,,,,
Device 4,-2.1184735,53.251761,5,2018-06-09 15:08:46
Device 4,-2.1197944,53.251917,4,2018-06-09 15:11:21
Device 4,-2.1198058,53.2519191,5,2018-06-09 15:11:48
Device 4,-2.1198049,53.2519198,4,2018-06-09 15:11:58
Device 4,-2.1198073,53.251921,5,2018-06-09 15:12:09
Device 4,-2.1197998,53.2519229,4,2018-06-09 15:12:18
Device 4,-2.1211097,53.2523619,4,2018-06-09 15:15:32
Device 4,-2.1211856,53.2524179,4,2018-06-09 15:15:40
Device 4,-2.1211989,53.2524324,4,2018-06-09 15:15:51
Device 4,-2.1213129,53.2512474,5,2018-06-09 15:19:19
Device 4,-2.1213245,53.2512256,4,2018-06-09 15:19:54
Device 4,-2.1210942,53.2502202,5,2018-06-09 15:21:56
Device 4,-2.1210823,53.2502184,5,2018-06-09 15:22:24
Device 4,-2.1195777,53.2498228,5,2018-06-09 15:24:59
Device 4,-2.1195002,53.2498278,5,2018-06-09 15:25:24
Device 4,-2.1184907,53.2507302,5,2018-06-09 15:27:21
Device 4,-2.1184746,53.2507537,5,2018-06-09 15:27:55
Device 4,-2.1166497,53.2516916,2,2018-06-09 15:30:53
Device 4,-2.1166708,53.2517041,4,2018-06-09 15:31:18
Device 4,-2.1169901,53.2521259,1,2018-06-09 15:32:31
Device 4,-2.117456,53.2516819,4,2018-06-09 15:34:59
Device 4,-2.1184571,53.2512724,1,2018-06-09 15:40:21
,,,,
,,,,
,,,,
,,,,
,,,,
,,,,
,,,,
,,,,
,,,,
,,,,
,,,,
,,,,
,,,,
,,,,
,,,,
,,,,
,,,,
,,,,
,,,,
,,,,
,,,,
,,,,
,,,,
,,,,
,,,,
,,,,
,,,,
,,,,
,,,,
,,,,
,,,,
,,,,
,,,,
,,,,
,,,,
,,,,
,,,,
,,,,
,,,,
,,,,
,,,,
,,,,
,,,,
,,,,
,,,,
,,,,
,,,,
,,,,
,,,,
,,,,
,,,,
,,,,
,,,,
,,,,
,,,,
,,,,
,,,,
,,,,
,,,,
,,,,
,,,,
,,,,
,,,,
,,,,
,,,,
,,,,
,,,,
,,,,
,,,,
,,,,
,,,,
,,,,
,,,,
,,,,
,,,,
,,,,
,,,,
,,,,
,,,,
,,,,
,,,,
,,,,
,,,,
,,,,
,,,,
,,,,
,,,,
,,,,
,,,,
,,,,
,,,,
,,,,
,,,,
,,,,
,,,,
,,,,
,,,,
,,,,
,,,,
,,,,
,,,,
,,,,
,,,,
,,,,
,,,,
,,,,
,,,,
,,,,
,,,,
,,,,
,,,,
,,,,
,,,,
,,,,
,,,,
,,,,
,,,,
,,,,
,,,,
,,,,
,,,,
,,,,
,,,,
,,,,
,,,,
,,,,
,,,,
,,,,
,,,,
,,,,
,,,,
,,,,
,,,,
,,,,
,,,,
,,,,
,,,,
,,,,
,,,,
,,,,
,,,,
,,,,
,,,,
,,,,
,,,,
,,,,
,,,,
,,,,
,,,,
,,,,
,,,,
,,,,
,,,,
,,,,
,,,,
,,,,
,,,,
,,,,
,,,,
,,,,
,,,,
,,,,
,,,,
,,,,
,,,,
,,,,
,,,,
,,,,
,,,,
,,,,
,,,,
,,,,
,,,,
,,,,
,,,,
,,,,
,,,,
,,,,
,,,,
,,,,
,,,,
,,,,
,,,,
,,,,
,,,,
,,,,
,,,,
,,,,
,,,,
,,,,
,,,,
,,,,
,,,,
,,,,
,,,,
,,,,
,,,,
,,,,
,,,,
,,,,
,,,,
,,,,
,,,,
,,,,
,,,,
,,,,
,,,,
,,,,
,,,,
,,,,
,,,,
,,,,
,,,,
,,,,
,,,,
,,,,
,,,,
,,,,
,,,,
,,,,
,,,,
,,,,
,,,,
,,,,
,,,,
,,,,
,,,,
,,,,
,,,,
,,,,
,,,,
,,,,
,,,,
,,,,
,,,,
,,,,
,,,,
,,,,
,,,,
,,,,
,,,,
,,,,
,,,,
,,,,
,,,,
,,,,
,,,,
,,,,
,,,,
,,,,
,,,,
,,,,
,,,,
,,,,
,,,,
,,,,
,,,,
,,,,
,,,,
,,,,
,,,,
,,,,
,,,,
,,,,
,,,,
,,,,
,,,,
,,,,
,,,,
,,,,
,,,,
,,,,
,,,,
,,,,
,,,,
,,,,
,,,,
,,,,
,,,,
,,,,
,,,,
,,,,
,,,,
,,,,
,,,,
,,,,
,,,,
,,,,
,,,,
,,,,
,,,,
,,,,
,,,,
,,,,
,,,,
,,,,
,,,,
,,,,
,,,,
,,,,
,,,,
,,,,
,,,,
,,,,
,,,,
,,,,
,,,,
,,,,
,,,,
,,,,
,,,,
,,,,
,,,,
,,,,
,,,,
,,,,
,,,,
,,,,
,,,,
,,,,
,,,,
,,,,
,,,,
,,,,
,,,,
,,,,
,,,,
,,,,
,,,,
,,,,
,,,,
,,,,
,,,,
,,,,
,,,,
,,,,
,,,,
,,,,
,,,,
,,,,
,,,,
,,,,
,,,,
,,,,
,,,,
,,,,
,,,,
,,,,
,,,,
,,,,
,,,,
,,,,
,,,,
,,,,
,,,,
,,,,
,,,,
,,,,
,,,,
,,,,
,,,,
,,,,
,,,,
,,,,
,,,,
,,,,
,,,,
,,,,
,,,,
,,,,
,,,,
,,,,
,,,,
,,,,
,,,,
,,,,
,,,,
,,,,
,,,,
,,,,
,,,,
,,,,
,,,,
,,,,
,,,,
,,,,
,,,,
,,,,
,,,,
,,,,
,,,,
,,,,
,,,,
,,,,
,,,,
,,,,
,,,,
,,,,
,,,,
,,,,
,,,,
,,,,
,,,,
,,,,
,,,,
,,,,
,,,,
,,,,
,,,,
,,,,
,,,,
,,,,
,,,,
,,,,
,,,,
,,,,
,,,,
,,,,
,,,,
,,,,
,,,,
,,,,
,,,,
,,,,
,,,,
,,,,
,,,,
,,,,
,,,,
,,,,
,,,,
,,,,
,,,,
,,,,
,,,,
,,,,
,,,,
,,,,
,,,,
,,,,
,,,,
,,,,
,,,,
,,,,
,,,,
,,,,
,,,,
,,,,
,,,,
,,,,
,,,,
,,,,
,,,,
,,,,
,,,,
,,,,
,,,,
,,,,
,,,,
,,,,
,,,,
,,,,
,,,,
,,,,
,,,,
,,,,
,,,,
,,,,
,,,,
,,,,
,,,,
,,,,
,,,,
,,,,
,,,,
,,,,
,,,,
,,,,
,,,,
,,,,
,,,,
,,,,
,,,,
,,,,
,,,,
,,,,
,,,,
,,,,
,,,,
,,,,
,,,,
,,,,
,,,,
,,,,
,,,,
,,,,
,,,,
,,,,
,,,,
,,,,
,,,,
,,,,
,,,,
,,,,
,,,,
,,,,
,,,,
,,,,
,,,,
,,,,
,,,,
,,,,
,,,,
,,,,
,,,,
,,,,
,,,,
,,,,
,,,,
,,,,
,,,,
,,,,
,,,,
,,,,
,,,,
,,,,
,,,,
,,,,
,,,,
,,,,
,,,,
,,,,
,,,,
,,,,
,,,,
,,,,
,,,,
,,,,
,,,,
,,,,
,,,,
,,,,
,,,,
,,,,
,,,,
,,,,
,,,,
,,,,
,,,,
,,,,
,,,,
,,,,
,,,,
,,,,
,,,,
,,,,
,,,,
,,,,
,,,,
,,,,
,,,,
,,,,
,,,,
,,,,
,,,,
,,,,
,,,,
,,,,
,,,,
,,,,
,,,,
,,,,
,,,,
,,,,
,,,,
,,,,
,,,,
,,,,
,,,,
,,,,
,,,,
,,,,
,,,,
,,,,
,,,,
,,,,
,,,,
,,,,
,,,,
,,,,
,,,,
,,,,
,,,,
,,,,
,,,,
,,,,
,,,,
,,,,
,,,,
,,,,
,,,,
,,,,
,,,,
,,,,
,,,,
,,,,
,,,,
,,,,
,,,,
,,,,
,,,,
,,,,
,,,,
,,,,
,,,,
,,,,
,,,,
,,,,
,,,,
,,,,
,,,,
,,,,
,,,,
,,,,
,,,,
,,,,
,,,,
,,,,
,,,,
,,,,
,,,,
,,,,
,,,,
,,,,
,,,,
,,,,
,,,,
,,,,
,,,,
,,,,
,,,,
,,,,
,,,,
,,,,
,,,,
,,,,
,,,,
,,,,
,,,,
,,,,
,,,,
,,,,
,,,,
,,,,
,,,,
,,,,
,,,,
,,,,
,,,,
,,,,
,,,,
,,,,
,,,,
,,,,
,,,,
,,,,
,,,,
,,,,
,,,,
,,,,
,,,,
,,,,
,,,,
,,,,
,,,,
,,,,
,,,,
,,,,
,,,,
,,,,
,,,,
,,,,
,,,,
,,,,
,,,,
,,,,
,,,,
,,,,
,,,,
,,,,
,,,,
,,,,
,,,,
,,,,
,,,,
,,,,
,,,,
,,,,
,,,,
,,,,
,,,,
,,,,
,,,,
,,,,
,,,,
,,,,
,,,,
,,,,
,,,,
,,,,
,,,,
,,,,
,,,,
,,,,
,,,,
,,,,
,,,,
,,,,
,,,,
,,,,
,,,,
,,,,
,,,,
,,,,
,,,,
,,,,
,,,,
,,,,
,,,,
,,,,
,,,,
,,,,
,,,,
,,,,
,,,,
,,,,
,,,,
,,,,
,,,,
,,,,
,,,,
,,,,
,,,,
,,,,
,,,,
,,,,
,,,,
,,,,
,,,,
,,,,
,,,,
,,,,
,,,,
,,,,
,,,,
,,,,
,,,,
,,,,
,,,,
,,,,
,,,,
,,,,
,,,,
,,,,
,,,,
,,,,
,,,,
,,,,
,,,,
,,,,
,,,,
,,,,
,,,,
,,,,
,,,,
,,,,
,,,,
,,,,
,,,,
,,,,
,,,,
,,,,
,,,,
,,,,
,,,,
,,,,
,,,,
,,,,
,,,,
,,,,
,,,,
,,,,
,,,,
,,,,
,,,,
,,,,
,,,,
,,,,
,,,,
,,,,
,,,,
,,,,
,,,,
,,,,
,,,,
,,,,
,,,,
,,,,
,,,,
,,,,
,,,,
,,,,
,,,,
,,,,
,,,,
,,,,
,,,,
,,,,
Device 5,4.3085995,50.8660776,5,2018-09-20 8:54:36
Device 5,4.3086026,50.8660854,5,2018-09-20 8:54:48
Device 5,4.3086,50.8660688,1,2018-09-20 8:55:27
Device 5,4.3086051,50.8660777,5,2018-09-20 8:55:34
Device 5,4.3086373,50.8660949,5,2018-09-20 8:56:38
Device 5,4.3086373,50.8660949,4,2018-09-20 8:56:51
Device 5,4.3086373,50.8660949,5,2018-09-20 8:57:04
Device 5,4.3086373,50.8660949,5,2018-09-20 8:57:13
Device 5,4.3086373,50.8660949,4,2018-09-20 8:57:18
Device 5,4.3091238,50.8661452,5,2018-09-20 8:58:29
Device 5,4.30898,50.866387,5,2018-09-20 8:59:34
Device 5,4.3090208,50.8664203,5,2018-09-20 8:59:40
Device 5,4.3091502,50.8664947,4,2018-09-20 8:59:59
Device 5,4.3091551,50.866508,5,2018-09-20 9:00:19
Device 5,4.3091395,50.8664982,5,2018-09-20 9:00:59
Device 5,4.3091509,50.866596,5,2018-09-20 9:01:59
Device 5,4.3091042,50.8666482,4,2018-09-20 9:02:07
Device 5,4.3088038,50.8667724,4,2018-09-20 9:02:29
Device 5,4.3087157,50.866773,5,2018-09-20 9:02:35
Device 5,4.308567,50.8667679,4,2018-09-20 9:02:45
Device 5,4.308392,50.8668092,5,2018-09-20 9:02:55
Device 5,4.3081736,50.866869,5,2018-09-20 9:03:07
Device 5,4.3079951,50.8668822,5,2018-09-20 9:03:16
Device 5,4.3078867,50.8668611,5,2018-09-20 9:03:22
Device 5,4.3077733,50.866835,4,2018-09-20 9:03:28
Device 5,4.3076794,50.866834,5,2018-09-20 9:03:34
Device 5,4.3075429,50.8668497,4,2018-09-20 9:03:41
Device 5,4.3074342,50.8668569,4,2018-09-20 9:03:48
Device 5,4.3072683,50.8668638,5,2018-09-20 9:03:58
Device 5,4.307133,50.8669513,5,2018-09-20 9:05:16
Device 5,4.307136,50.8669526,4,2018-09-20 9:05:24
Device 5,4.3067055,50.8669216,4,2018-09-20 9:05:59
Device 5,4.306104,50.8670243,4,2018-09-20 9:06:33
Device 5,4.3058427,50.867043,4,2018-09-20 9:06:48
Device 5,4.3053983,50.8669711,4,2018-09-20 9:07:16
Device 5,4.3050471,50.8668216,5,2018-09-20 9:07:40
Device 5,4.3050384,50.8667819,2,2018-09-20 9:08:16
Device 5,4.3050211,50.8667533,5,2018-09-20 9:08:30
Device 5,4.3049871,50.8667138,4,2018-09-20 9:08:59
Device 5,4.3049736,50.8666835,5,2018-09-20 9:09:05
Device 5,4.3049844,50.8666409,4,2018-09-20 9:09:31
Device 5,4.3050495,50.8664586,4,2018-09-20 9:09:51
Device 5,4.3050122,50.8661677,4,2018-09-20 9:10:14
Device 5,4.3050225,50.8659773,4,2018-09-20 9:10:33
Device 5,4.3049691,50.8659369,5,2018-09-20 9:11:24
Device 5,4.3049504,50.8659437,5,2018-09-20 9:11:52
Device 5,4.3049386,50.8659411,4,2018-09-20 9:12:00
Device 5,4.304938,50.8659499,4,2018-09-20 9:12:22
Device 5,4.3049402,50.8659508,5,2018-09-20 9:12:44
Device 5,4.3049398,50.8659516,5,2018-09-20 9:13:05
Device 5,4.305003,50.8660344,4,2018-09-20 9:13:58
Device 5,4.3050628,50.8660474,4,2018-09-20 9:14:04
Device 5,4.3052389,50.8660255,5,2018-09-20 9:14:18
Device 5,4.3053615,50.8660072,5,2018-09-20 9:14:25
Device 5,4.3055155,50.8659537,4,2018-09-20 9:14:34
Device 5,4.3055368,50.8658112,4,2018-09-20 9:14:48
Device 5,4.3056542,50.8654432,4,2018-09-20 9:15:20
Device 5,4.306219,50.8649494,4,2018-09-20 9:16:21
Device 5,4.3062277,50.8649433,5,2018-09-20 9:16:30
Device 5,4.3062338,50.8649387,5,2018-09-20 9:16:39
Device 5,4.3062539,50.8649282,4,2018-09-20 9:16:52
Device 5,4.3062642,50.864873,5,2018-09-20 9:17:15
Device 5,4.3062635,50.8648975,5,2018-09-20 9:17:31
Device 5,4.3062464,50.8648957,4,2018-09-20 9:18:00
Device 5,4.3062651,50.8648979,4,2018-09-20 9:18:16
Device 5,4.307439,50.8647848,4,2018-09-20 9:20:08
Device 5,4.3080974,50.865019,5,2018-09-20 9:20:47
Device 5,4.3081807,50.865037,4,2018-09-20 9:20:53
Device 5,4.3084044,50.8651207,4,2018-09-20 9:21:18
Device 5,4.3084097,50.8651175,5,2018-09-20 9:21:24
Device 5,4.308422,50.8650988,5,2018-09-20 9:21:47
Device 5,4.308411,50.8650337,4,2018-09-20 9:23:16
Device 5,4.3085907,50.8650943,4,2018-09-20 9:23:25
Device 5,4.3088037,50.8651717,4,2018-09-20 9:23:37
Device 5,4.3094306,50.8653672,4,2018-09-20 9:24:07
Device 5,4.3098564,50.8654405,4,2018-09-20 9:24:31
Device 5,4.3100397,50.8655156,4,2018-09-20 9:24:42
Device 5,4.3104008,50.8656041,5,2018-09-20 9:25:13
Device 5,4.3104196,50.8656022,2,2018-09-20 9:25:21
Device 5,4.3104376,50.8656035,5,2018-09-20 9:25:34
Device 5,4.3104484,50.8656249,5,2018-09-20 9:25:54
Device 5,4.3100672,50.8659566,5,2018-09-20 9:26:58
Device 5,4.3098707,50.8661497,4,2018-09-20 9:27:19
Device 5,4.3098011,50.8662249,4,2018-09-20 9:27:26
Device 5,4.309729,50.8662874,4,2018-09-20 9:27:34
Device 5,4.3090948,50.8664538,4,2018-09-20 9:28:58
Device 5,4.3090033,50.8663582,4,2018-09-20 9:29:12
Device 5,4.3088571,50.8662236,5,2018-09-20 9:29:26
Device 5,4.3088453,50.8661596,4,2018-09-20 9:29:44
Device 5,4.3088525,50.8660915,4,2018-09-20 9:30:25
Device 5,4.3088562,50.866097,4,2018-09-20 9:30:34
Device 5,4.3088501,50.866089,4,2018-09-20 9:30:44
Device 5,4.3088424,50.8660649,4,2018-09-20 9:30:54
Device 5,4.3086027,50.8660799,4,2018-09-20 9:31:42
,,,,
Device 3,4.3525812,50.8412628,1,2018-12-07 7:56:12
Device 3,4.3525812,50.8412628,1,2018-12-07 7:56:24
Device 3,4.3520293,50.8409978,1,2018-12-07 8:27:34
Device 3,4.3524317,50.8410464,1,2018-12-07 9:38:10
Device 3,4.3524317,50.8410464,4,2018-12-07 9:47:07
Device 3,4.3524317,50.8410464,5,2018-12-07 9:47:27
Device 3,4.3524317,50.8410464,5,2018-12-07 9:49:30
Device 3,4.3524317,50.8410464,5,2018-12-07 9:50:27
Device 3,4.3524317,50.8410464,2,2018-12-07 9:50:44
Device 3,4.3524317,50.8410464,4,2018-12-07 9:50:50
Device 3,4.3524317,50.8410464,4,2018-12-07 9:51:13
Device 3,4.3524317,50.8410464,5,2018-12-07 9:51:43
Device 3,4.3524317,50.8410464,4,2018-12-07 9:53:38
Device 3,4.3524317,50.8410464,5,2018-12-07 9:55:50
Device 3,4.3519848,50.8414709,5,2018-12-07 9:57:05
Device 3,4.3510505,50.8421202,4,2018-12-07 9:59:00
Device 3,4.3510611,50.8421321,4,2018-12-07 9:59:35
Device 3,4.3510646,50.8421377,1,2018-12-07 10:00:16
Device 3,4.3510685,50.8421395,5,2018-12-07 10:00:54
Device 3,4.3537721,50.8414411,4,2018-12-07 10:06:25
Device 3,4.3537722,50.8414411,4,2018-12-07 10:06:54
Device 3,4.3562552,50.8397051,5,2018-12-07 10:12:41
Device 3,4.3563154,50.8396728,1,2018-12-07 10:13:31
Device 3,4.3563583,50.8396534,4,2018-12-07 10:13:59
Device 3,4.3537359,50.8393217,2,2018-12-07 10:20:52
Device 3,4.3538234,50.8393659,5,2018-12-07 10:21:07
Device 3,4.3548898,50.8402545,5,2018-12-07 10:24:27
Device 3,4.3548949,50.8402573,4,2018-12-07 10:24:51
Device 3,4.3549633,50.8403038,4,2018-12-07 10:26:10
Device 3,4.3549779,50.8403302,5,2018-12-07 10:26:39
Device 3,4.355004,50.8403322,5,2018-12-07 10:26:49
Device 3,4.3550358,50.8403656,4,2018-12-07 10:27:21
Device 3,4.3537929,50.8409939,2,2018-12-07 10:30:33
Device 3,4.353772,50.8410007,5,2018-12-07 10:30:50
Device 3,4.3525104,50.8413181,4,2018-12-07 10:34:38
Device 3,4.35216,50.8409778,2,2018-12-07 10:40:19
,,,,
,,,,
,,,,
,,,,
,,,,
,,,,
,,,,
,,,,
,,,,
,,,,
,,,,
,,,,
,,,,
,,,,
,,,,
,,,,
,,,,
,,,,
,,,,
,,,,
,,,,
,,,,
,,,,
,,,,
,,,,
,,,,
,,,,
,,,,
,,,,
,,,,
,,,,
,,,,
,,,,
,,,,
,,,,
,,,,
,,,,
,,,,
,,,,
,,,,
,,,,
,,,,
,,,,
,,,,
,,,,
,,,,
,,,,
,,,,
,,,,
,,,,
,,,,
,,,,
,,,,
,,,,
,,,,
,,,,
,,,,
,,,,
,,,,
,,,,
,,,,
,,,,
,,,,
,,,,
,,,,
,,,,
,,,,
,,,,
,,,,
,,,,
,,,,
,,,,
,,,,
,,,,
,,,,
,,,,
,,,,
,,,,
,,,,
,,,,
,,,,
,,,,
,,,,
,,,,
,,,,
,,,,
,,,,
,,,,
,,,,
,,,,
,,,,
,,,,
,,,,
,,,,
,,,,
,,,,
,,,,
,,,,
,,,,
,,,,
,,,,
,,,,
,,,,
,,,,
,,,,
,,,,
,,,,
,,,,
,,,,
,,,,
,,,,
,,,,
,,,,
,,,,
,,,,
,,,,
,,,,
,,,,
,,,,
,,,,
,,,,
,,,,
,,,,
,,,,
,,,,
,,,,
,,,,
,,,,
,,,,
,,,,
,,,,
,,,,
,,,,
,,,,
,,,,
,,,,
,,,,
,,,,
,,,,
,,,,
,,,,
,,,,
,,,,
,,,,
,,,,
,,,,
,,,,
,,,,
,,,,
,,,,
,,,,
,,,,
,,,,
,,,,
,,,,
,,,,
,,,,
,,,,
,,,,
,,,,
,,,,
,,,,
,,,,
,,,,
,,,,
,,,,
,,,,
,,,,
,,,,
,,,,
,,,,
,,,,
,,,,
,,,,
,,,,
,,,,
,,,,
,,,,
,,,,
,,,,
,,,,
,,,,
,,,,
,,,,
,,,,
,,,,
,,,,
,,,,
,,,,
,,,,
,,,,
,,,,
,,,,
,,,,
,,,,
,,,,
,,,,
,,,,
,,,,
,,,,
,,,,
,,,,
,,,,
,,,,
,,,,
,,,,
,,,,
,,,,
,,,,
,,,,
,,,,
,,,,
,,,,
,,,,
,,,,
,,,,
,,,,
,,,,
,,,,
,,,,
,,,,
,,,,
,,,,
,,,,
,,,,
,,,,
,,,,
,,,,
,,,,
,,,,
,,,,
,,,,
,,,,
,,,,
,,,,
,,,,
,,,,
,,,,
,,,,
,,,,
,,,,
,,,,
,,,,
,,,,
,,,,
,,,,
,,,,
,,,,
,,,,
,,,,
,,,,
,,,,
,,,,
,,,,
,,,,
,,,,
,,,,
,,,,
,,,,
,,,,
,,,,
,,,,
,,,,
,,,,
,,,,
,,,,
,,,,
,,,,
,,,,
,,,,
,,,,
,,,,
,,,,
,,,,
,,,,
,,,,
,,,,
,,,,
,,,,
,,,,
,,,,
,,,,
,,,,
,,,,
,,,,
,,,,
,,,,
,,,,
,,,,
,,,,
,,,,
,,,,
,,,,
,,,,
,,,,
,,,,
,,,,
,,,,
,,,,
,,,,
,,,,
,,,,
,,,,
,,,,
,,,,
,,,,
,,,,
,,,,
,,,,
,,,,
,,,,
,,,,
,,,,
,,,,
,,,,
,,,,
,,,,
,,,,
,,,,
,,,,
,,,,
,,,,
,,,,
,,,,
,,,,
,,,,
,,,,
,,,,
,,,,
,,,,
,,,,
,,,,
,,,,
,,,,
,,,,
,,,,
,,,,
,,,,
,,,,
,,,,
,,,,
,,,,
,,,,
,,,,
,,,,
,,,,
,,,,
,,,,
,,,,
,,,,
,,,,
,,,,
,,,,
,,,,
,,,,
,,,,
,,,,
,,,,
,,,,
,,,,
,,,,
,,,,
,,,,
,,,,
,,,,
,,,,
,,,,
,,,,
,,,,
,,,,
,,,,
,,,,
,,,,
,,,,
,,,,
,,,,
,,,,
,,,,
,,,,
,,,,
,,,,
,,,,
,,,,
,,,,
,,,,
,,,,
,,,,
,,,,
,,,,
,,,,
,,,,
,,,,
,,,,
,,,,
,,,,
,,,,
,,,,
,,,,
,,,,
,,,,
,,,,
,,,,
,,,,
,,,,
,,,,
,,,,
,,,,
,,,,
,,,,
,,,,
,,,,
,,,,
,,,,
,,,,
,,,,
,,,,
,,,,
,,,,
,,,,
,,,,
,,,,
,,,,
,,,,
,,,,
,,,,
,,,,
,,,,
,,,,
,,,,
,,,,
,,,,
,,,,
,,,,
,,,,
,,,,
,,,,
,,,,
,,,,
,,,,
,,,,
,,,,
,,,,
,,,,
,,,,
,,,,
,,,,
,,,,
,,,,
,,,,
,,,,
,,,,
,,,,
,,,,
,,,,
,,,,
,,,,
,,,,
,,,,
,,,,
,,,,
,,,,
,,,,
,,,,
,,,,
,,,,
,,,,
,,,,
,,,,
,,,,
,,,,
,,,,
,,,,
,,,,
,,,,
,,,,
,,,,
,,,,
,,,,
,,,,
,,,,
,,,,
,,,,
,,,,
,,,,
,,,,
,,,,
,,,,
,,,,
,,,,
,,,,
,,,,
,,,,
,,,,
,,,,
,,,,
,,,,
,,,,
,,,,
,,,,
,,,,
,,,,
,,,,
,,,,
,,,,
,,,,
,,,,
,,,,
,,,,
,,,,
,,,,
,,,,
,,,,
,,,,
,,,,
,,,,
,,,,
,,,,
,,,,
,,,,
,,,,
,,,,
,,,,
,,,,
,,,,
,,,,
,,,,
,,,,
,,,,
,,,,
,,,,
,,,,
,,,,
,,,,
,,,,
,,,,
,,,,
,,,,
,,,,
,,,,
,,,,
,,,,
,,,,
,,,,
,,,,
,,,,
,,,,
,,,,
,,,,
,,,,
,,,,
,,,,
,,,,
,,,,
,,,,
,,,,
,,,,
,,,,
,,,,
,,,,
,,,,
,,,,
,,,,
,,,,
,,,,
Device 8,-2.11841707,53.25129274,5,2018-06-09 15:08:48
Device 8,-2.11841707,53.25129274,4,2018-06-09 15:11:25
Device 8,-2.11841707,53.25129274,5,2018-06-09 15:11:55
Device 8,-2.1208618,53.252075,5,2018-06-09 15:13:06
Device 8,-2.12123915,53.25240395,4,2018-06-09 15:15:57
Device 8,-2.1212316,53.25237974,5,2018-06-09 15:16:36
Device 8,-2.12121697,53.25120037,4,2018-06-09 15:19:21
Device 8,-2.12127471,53.25116257,5,2018-06-09 15:20:19
Device 8,-2.12105606,53.25019329,5,2018-06-09 15:21:53
Device 8,-2.12103684,53.25019531,5,2018-06-09 15:22:28
Device 8,-2.11953034,53.24991092,2,2018-06-09 15:24:27
Device 8,-2.11953293,53.24990502,5,2018-06-09 15:25:06
Device 8,-2.11855212,53.25082076,4,2018-06-09 15:27:21
Device 8,-2.11855203,53.2508261,5,2018-06-09 15:27:54
Device 8,-2.11682377,53.25171981,2,2018-06-09 15:30:52
Device 8,-2.11699796,53.2519587,5,2018-06-09 15:31:58
Device 8,-2.11706862,53.2520419,5,2018-06-09 15:32:07
Device 8,-2.11708087,53.25205151,1,2018-06-09 15:32:34
Device 8,-2.11700151,53.25205242,5,2018-06-09 15:32:58
Device 8,-2.11700422,53.2520372,5,2018-06-09 15:33:20
Device 8,-2.11849198,53.25157503,4,2018-06-09 15:36:00
Device 8,-2.11853182,53.25158869,5,2018-06-09 15:36:34
,,,,
,,,,
,,,,
,,,,
,,,,
,,,,
,,,,
,,,,
,,,,
,,,,
,,,,
,,,,
,,,,
,,,,
,,,,
,,,,
,,,,
,,,,
,,,,
,,,,
,,,,
,,,,
,,,,
,,,,
,,,,
,,,,
,,,,
,,,,
,,,,
,,,,
,,,,
,,,,
,,,,
,,,,
,,,,
,,,,
,,,,
,,,,
,,,,
,,,,
,,,,
,,,,
,,,,
,,,,
,,,,
,,,,
,,,,
,,,,
,,,,
,,,,
,,,,
,,,,
,,,,
,,,,
,,,,
,,,,
,,,,
,,,,
,,,,
,,,,
,,,,
,,,,
,,,,
,,,,
,,,,
,,,,
,,,,
,,,,
,,,,
,,,,
,,,,
,,,,
,,,,
,,,,
,,,,
,,,,
,,,,
,,,,
,,,,
,,,,
,,,,
,,,,
,,,,
,,,,
,,,,
,,,,
,,,,
,,,,
,,,,
,,,,
,,,,
,,,,
,,,,
,,,,
,,,,
,,,,
,,,,
,,,,
,,,,
,,,,
,,,,
,,,,
,,,,
,,,,
,,,,
,,,,
,,,,
,,,,
,,,,
,,,,
,,,,
,,,,
,,,,
,,,,
,,,,
,,,,
,,,,
,,,,
,,,,
,,,,
,,,,
,,,,
,,,,
,,,,
,,,,
,,,,
,,,,
,,,,
,,,,
,,,,
,,,,
,,,,
,,,,
,,,,
,,,,
,,,,
,,,,
,,,,
,,,,
,,,,
,,,,
,,,,
,,,,
,,,,
,,,,
,,,,
,,,,
,,,,
,,,,
,,,,
,,,,
,,,,
,,,,
,,,,
,,,,
,,,,
,,,,
,,,,
,,,,
,,,,
,,,,
,,,,
,,,,
,,,,
,,,,
,,,,
,,,,
,,,,
,,,,
,,,,
,,,,
,,,,
,,,,
,,,,
,,,,
,,,,
,,,,
,,,,
,,,,
,,,,
,,,,
,,,,
,,,,
,,,,
,,,,
,,,,
,,,,
,,,,
,,,,
,,,,
,,,,
,,,,
,,,,
,,,,
,,,,
,,,,
,,,,
,,,,
,,,,
,,,,
,,,,
,,,,
,,,,
,,,,
,,,,
,,,,
,,,,
,,,,
,,,,
,,,,
,,,,
,,,,
,,,,
,,,,
,,,,
,,,,
,,,,
,,,,
,,,,
,,,,
,,,,
,,,,
,,,,
,,,,
,,,,
,,,,
,,,,
,,,,
,,,,
,,,,
,,,,
,,,,
,,,,
,,,,
,,,,
,,,,
,,,,
,,,,
,,,,
,,,,
,,,,
,,,,
,,,,
,,,,
,,,,
,,,,
,,,,
,,,,
,,,,
,,,,
,,,,
,,,,
,,,,
,,,,
,,,,
,,,,
,,,,
,,,,
,,,,
,,,,
,,,,
,,,,
,,,,
,,,,
,,,,
,,,,
,,,,
,,,,
,,,,
,,,,
,,,,
,,,,
,,,,
,,,,
,,,,
,,,,
,,,,
,,,,
,,,,
,,,,
,,,,
,,,,
,,,,
,,,,
,,,,
,,,,
,,,,
,,,,
,,,,
,,,,
,,,,
,,,,
,,,,
,,,,
,,,,
,,,,
,,,,
,,,,
,,,,
,,,,
,,,,
,,,,
,,,,
,,,,
,,,,
,,,,
,,,,
,,,,
,,,,
,,,,
,,,,
,,,,
,,,,
,,,,
,,,,
,,,,
,,,,
,,,,
,,,,
,,,,
,,,,
,,,,
,,,,
,,,,
,,,,
,,,,
,,,,
,,,,
,,,,
,,,,
,,,,
,,,,
,,,,
,,,,
,,,,
,,,,
,,,,
,,,,
,,,,
,,,,
,,,,
,,,,
,,,,
,,,,
,,,,
,,,,
,,,,
,,,,
,,,,
,,,,
,,,,
,,,,
,,,,
,,,,
,,,,
,,,,
,,,,
,,,,
,,,,
,,,,
,,,,
,,,,
,,,,
,,,,
,,,,
,,,,
,,,,
,,,,
,,,,
,,,,
,,,,
,,,,
,,,,
,,,,
,,,,
,,,,
,,,,
,,,,
,,,,
,,,,
,,,,
,,,,
,,,,
,,,,
,,,,
,,,,
,,,,
,,,,
,,,,
,,,,
,,,,
,,,,
,,,,
,,,,
,,,,
,,,,
,,,,
,,,,
,,,,
,,,,
,,,,
,,,,
,,,,
,,,,
,,,,
,,,,
,,,,
,,,,
,,,,
,,,,
,,,,
,,,,
,,,,
,,,,
,,,,
,,,,
,,,,
,,,,
,,,,
,,,,
,,,,
,,,,
,,,,
,,,,
,,,,
,,,,
,,,,
,,,,
,,,,
,,,,
,,,,
,,,,
,,,,
,,,,
,,,,
,,,,
,,,,
,,,,
,,,,
,,,,
,,,,
,,,,
,,,,
,,,,
,,,,
,,,,
,,,,
,,,,
,,,,
,,,,
,,,,
,,,,
,,,,
,,,,
,,,,
,,,,
,,,,
,,,,
,,,,
,,,,
,,,,
,,,,
,,,,
,,,,
,,,,
,,,,
,,,,
,,,,
,,,,
,,,,
,,,,
,,,,
,,,,
,,,,
,,,,
,,,,
,,,,
,,,,
,,,,
,,,,
,,,,
,,,,
,,,,
,,,,
,,,,
,,,,
,,,,
,,,,
,,,,
,,,,
,,,,
,,,,
,,,,
,,,,
,,,,
,,,,
,,,,
,,,,
,,,,
,,,,
,,,,
,,,,
,,,,
,,,,
,,,,
,,,,
,,,,
,,,,
,,,,
,,,,
,,,,
,,,,
,,,,
,,,,
,,,,
,,,,
,,,,
,,,,
,,,,
,,,,
,,,,
,,,,
,,,,
,,,,
,,,,
,,,,
,,,,
,,,,
,,,,
,,,,
,,,,
,,,,
,,,,
,,,,
,,,,
,,,,
,,,,
,,,,
,,,,
,,,,
,,,,
,,,,
,,,,
,,,,
,,,,
,,,,
,,,,
,,,,
,,,,
,,,,
,,,,
,,,,
,,,,
,,,,
,,,,
,,,,
,,,,
,,,,
,,,,
,,,,
,,,,
,,,,
,,,,
,,,,
,,,,
,,,,
,,,,
,,,,
,,,,
,,,,
,,,,
,,,,
,,,,
,,,,
,,,,
,,,,
,,,,
,,,,
,,,,
,,,,
,,,,
,,,,
,,,,
,,,,
,,,,
,,,,
,,,,
,,,,
,,,,
,,,,
,,,,
,,,,
,,,,
,,,,
,,,,
,,,,
,,,,
,,,,
,,,,
,,,,
,,,,
,,,,
,,,,
,,,,
,,,,
,,,,
,,,,
,,,,
,,,,
,,,,
,,,,
,,,,
,,,,
,,,,
,,,,
,,,,
,,,,
,,,,
,,,,
,,,,
,,,,
,,,,
,,,,
,,,,
,,,,
,,,,
,,,,
,,,,
,,,,
,,,,
,,,,
,,,,
,,,,
,,,,
,,,,
,,,,
,,,,
,,,,
,,,,
,,,,
,,,,
,,,,
,,,,
,,,,
,,,,
,,,,
,,,,
,,,,
,,,,
,,,,
,,,,
,,,,
,,,,
,,,,
,,,,
,,,,
,,,,
,,,,
,,,,
,,,,
,,,,
,,,,
,,,,
,,,,
,,,,
,,,,
,,,,
,,,,
,,,,
,,,,
,,,,
,,,,
,,,,
,,,,
,,,,
,,,,
,,,,
,,,,
,,,,
,,,,
,,,,
,,,,
,,,,
,,,,
,,,,
,,,,
,,,,
,,,,
,,,,
,,,,
,,,,
,,,,
,,,,
,,,,
,,,,
,,,,
,,,,
,,,,
,,,,
,,,,
,,,,
,,,,
,,,,
,,,,
,,,,
,,,,
,,,,
,,,,
,,,,
,,,,
,,,,
,,,,
,,,,
,,,,
,,,,
,,,,
,,,,
,,,,
,,,,
,,,,
,,,,
,,,,
,,,,
,,,,
,,,,
,,,,
,,,,
,,,,
,,,,
,,,,
,,,,
,,,,
,,,,
,,,,
,,,,
,,,,
,,,,
,,,,
,,,,
,,,,
,,,,
,,,,
,,,,
,,,,
,,,,
,,,,
,,,,
,,,,
,,,,
,,,,
,,,,
,,,,
,,,,
,,,,
,,,,
,,,,
,,,,
,,,,
,,,,
,,,,
,,,,
,,,,
,,,,
,,,,
,,,,
,,,,
,,,,
,,,,
,,,,
,,,,
,,,,
,,,,
,,,,
,,,,
,,,,
,,,,
,,,,
,,,,
,,,,
,,,,
,,,,
,,,,
,,,,
,,,,
,,,,
,,,,
,,,,
,,,,
,,,,
,,,,
,,,,
,,,,
,,,,
,,,,
,,,,
,,,,
,,,,
,,,,
,,,,
,,,,
,,,,
,,,,
,,,,
Device 9,-2.1184191,53.2514132,5,2018-06-09 14:47:07
Device 9,-2.1184191,53.2514132,4,2018-06-09 14:47:51
Device 9,-2.11847155,53.25118218,4,2018-06-09 14:48:55
Device 9,-2.11836156,53.25127354,4,2018-06-09 15:05:13
Device 9,-2.11836207,53.2512733,4,2018-06-09 15:05:26
Device 9,-2.11896577,53.25149597,4,2018-06-09 15:09:54
Device 9,-2.11961086,53.25175122,5,2018-06-09 15:11:00
Device 9,-2.11984671,53.25184693,5,2018-06-09 15:11:26
Device 9,-2.11983109,53.25187803,5,2018-06-09 15:11:51
Device 9,-2.11983051,53.25187833,5,2018-06-09 15:12:41
Device 9,-2.11983051,53.25187833,4,2018-06-09 15:12:54
Device 9,-2.12120546,53.25238639,4,2018-06-09 15:16:09
Device 9,-2.1212256,53.25239709,5,2018-06-09 15:16:29
Device 9,-2.1212256,53.25239709,5,2018-06-09 15:16:52
Device 9,-2.12123298,53.25197053,4,2018-06-09 15:17:48
Device 9,-2.12126761,53.25123606,4,2018-06-09 15:19:27
Device 9,-2.12126053,53.25123165,5,2018-06-09 15:19:35
Device 9,-2.12126078,53.25123125,5,2018-06-09 15:19:56
Device 9,-2.12104796,53.25019048,5,2018-06-09 15:22:04
Device 9,-2.12101694,53.25020548,5,2018-06-09 15:22:31
Device 9,-2.12100675,53.25020836,5,2018-06-09 15:22:49
Device 9,-2.11950532,53.24990855,2,2018-06-09 15:24:33
Device 9,-2.11949355,53.24990403,5,2018-06-09 15:24:58
Device 9,-2.11961196,53.24990417,5,2018-06-09 15:25:15
Device 9,-2.11933094,53.24994286,5,2018-06-09 15:25:44
Device 9,-2.11888591,53.25025975,4,2018-06-09 15:26:20
Device 9,-2.11847459,53.25075454,5,2018-06-09 15:27:24
Device 9,-2.11847194,53.25075446,5,2018-06-09 15:27:56
Device 9,-2.11847194,53.25075446,5,2018-06-09 15:28:12
Device 9,-2.11828284,53.25127809,5,2018-06-09 15:29:02
Device 9,-2.11676761,53.25167151,1,2018-06-09 15:30:52
Device 9,-2.11676204,53.25167324,4,2018-06-09 15:31:22
Device 9,-2.11676295,53.25184932,5,2018-06-09 15:31:57
Device 9,-2.11696411,53.25209744,2,2018-06-09 15:32:32
Device 9,-2.11696174,53.25209485,4,2018-06-09 15:33:32
Device 9,-2.11696174,53.25209485,5,2018-06-09 15:33:46
Device 9,-2.11831268,53.2515614,5,2018-06-09 15:36:26
Device 9,-2.11840278,53.25155326,5,2018-06-09 15:36:40
Device 9,-2.11842628,53.25157212,5,2018-06-09 15:37:17
Device 9,-2.11842628,53.25157212,5,2018-06-09 15:37:54
,,,,
Device 9,4.3086057,50.866084,5,2018-09-20 8:54:10
Device 9,4.3086057,50.866084,1,2018-09-20 8:55:13
Device 9,4.3086057,50.866084,5,2018-09-20 8:55:57
Device 9,4.3086057,50.866084,4,2018-09-20 8:58:02
Device 9,4.3086057,50.866084,5,2018-09-20 8:58:12
Device 9,4.3086057,50.866084,5,2018-09-20 8:59:42
Device 9,4.3086057,50.866084,2,2018-09-20 9:00:25
Device 9,4.30906216,50.86653197,5,2018-09-20 9:01:12
Device 9,4.3071321,50.8670042,4,2018-09-20 9:04:30
Device 9,4.30709369,50.8669696,4,2018-09-20 9:05:07
Device 9,4.30528914,50.86679847,4,2018-09-20 9:07:15
Device 9,4.30502813,50.8667514,5,2018-09-20 9:07:28
Device 9,4.304974,50.86668982,4,2018-09-20 9:08:42
Device 9,4.30501121,50.86598773,2,2018-09-20 9:11:05
Device 9,4.30502318,50.86595962,5,2018-09-20 9:12:43
Device 9,4.30496549,50.86597986,5,2018-09-20 9:13:00
Device 9,4.30619938,50.86492196,5,2018-09-20 9:16:14
Device 9,4.30620757,50.86490648,5,2018-09-20 9:16:46
Device 9,4.30621307,50.86490708,5,2018-09-20 9:16:54
Device 9,4.30623222,50.86491369,4,2018-09-20 9:17:19
Device 9,4.30631105,50.86488854,4,2018-09-20 9:18:26
Device 9,4.30838531,50.86502349,4,2018-09-20 9:21:25
Device 9,4.30839012,50.86499693,4,2018-09-20 9:21:51
Device 9,4.31043516,50.86557435,1,2018-09-20 9:24:41
,,,,
,,,,
Device 9,4.3524462,50.8409696,4,2018-12-07 9:48:43
Device 9,4.3517163,50.8412029,5,2018-12-07 9:50:26
Device 9,4.3517163,50.8412029,4,2018-12-07 9:50:51
Device 9,4.3525544,50.8412667,4,2018-12-07 9:51:21
Device 9,4.3525256,50.8412644,5,2018-12-07 9:51:29
Device 9,4.3525511,50.84127,4,2018-12-07 9:51:46
Device 9,4.3525092,50.8412783,5,2018-12-07 9:51:53
Device 9,4.3525107,50.8412623,4,2018-12-07 9:52:13
Device 9,4.3525107,50.8412623,5,2018-12-07 9:52:41
Device 9,4.3525107,50.8412623,4,2018-12-07 9:53:10
Device 9,4.3525107,50.8412623,5,2018-12-07 9:53:17
Device 9,4.3525107,50.8412623,2,2018-12-07 9:55:38
Device 9,4.3519497,50.8415016,5,2018-12-07 9:56:57
Device 9,4.351029,50.8421074,5,2018-12-07 9:58:57
Device 9,4.3510275,50.8421115,5,2018-12-07 9:59:03
Device 9,4.351026,50.8421158,5,2018-12-07 9:59:34
Device 9,4.3510651,50.8420992,2,2018-12-07 10:00:17
Device 9,4.3510805,50.842132,5,2018-12-07 10:00:49
Device 9,4.3510897,50.8421242,4,2018-12-07 10:01:25
Device 9,4.3513282,50.841886,4,2018-12-07 10:02:18
Device 9,4.3537242,50.8414302,5,2018-12-07 10:05:18
Device 9,4.3537964,50.8414384,1,2018-12-07 10:06:02
Device 9,4.3538141,50.8414252,1,2018-12-07 10:06:18
Device 9,4.353833,50.8414233,5,2018-12-07 10:06:30
Device 9,4.3538532,50.841427,5,2018-12-07 10:06:48
Device 9,4.3538541,50.8414342,5,2018-12-07 10:06:58
Device 9,4.3538763,50.841433,5,2018-12-07 10:07:18
Device 9,4.3538466,50.841417,4,2018-12-07 10:07:41
Device 9,4.3561678,50.8396858,4,2018-12-07 10:11:48
Device 9,4.3563189,50.8396651,4,2018-12-07 10:12:25
Device 9,4.3563189,50.8396651,5,2018-12-07 10:12:32
Device 9,4.3563318,50.8396665,5,2018-12-07 10:13:06
Device 9,4.3563696,50.8396551,5,2018-12-07 10:13:52
Device 9,4.3563533,50.8396764,5,2018-12-07 10:14:14
Device 9,4.3563682,50.8396759,5,2018-12-07 10:14:45
Device 9,4.3560555,50.8396607,4,2018-12-07 10:15:16
Device 9,4.3538049,50.8393166,4,2018-12-07 10:19:11
Device 9,4.3537795,50.8393375,5,2018-12-07 10:19:31
Device 9,4.3537491,50.8393745,2,2018-12-07 10:20:49
Device 9,4.3537479,50.8393793,5,2018-12-07 10:21:12
Device 9,4.3550589,50.8403896,5,2018-12-07 10:24:18
Device 9,4.3550689,50.8403878,5,2018-12-07 10:24:30
Device 9,4.3550821,50.8403871,5,2018-12-07 10:25:30
Device 9,4.355116,50.840425,5,2018-12-07 10:26:08
Device 9,4.3551489,50.8404087,5,2018-12-07 10:26:37
Device 9,4.355162,50.8404104,5,2018-12-07 10:26:46
Device 9,4.3539077,50.8410097,5,2018-12-07 10:30:01
Device 9,4.3537927,50.8410456,5,2018-12-07 10:30:24
Device 9,4.3537336,50.8410575,5,2018-12-07 10:30:47
Device 9,4.3536518,50.8410524,5,2018-12-07 10:31:46
Device 9,4.3519807,50.8412274,2,2018-12-07 10:45:32
,,,,
,,,,
,,,,
,,,,
,,,,
,,,,
,,,,
,,,,
,,,,
,,,,
,,,,
,,,,
,,,,
,,,,
,,,,
,,,,
,,,,
,,,,
,,,,
,,,,
,,,,
,,,,
,,,,
,,,,
,,,,
,,,,
,,,,
,,,,
,,,,
,,,,
,,,,
,,,,
,,,,
,,,,
,,,,
,,,,
,,,,
,,,,
,,,,
,,,,
,,,,
,,,,
,,,,
,,,,
,,,,
,,,,
,,,,
,,,,
,,,,
,,,,
,,,,
,,,,
,,,,
,,,,
,,,,
,,,,
,,,,
,,,,
,,,,
,,,,
,,,,
,,,,
,,,,
,,,,
,,,,
,,,,
,,,,
,,,,
,,,,
,,,,
,,,,
,,,,
,,,,
,,,,
,,,,
,,,,
,,,,
,,,,
,,,,
,,,,
,,,,
,,,,
,,,,
,,,,
,,,,
,,,,
,,,,
,,,,
,,,,
,,,,
,,,,
,,,,
,,,,
,,,,
,,,,
,,,,
,,,,
,,,,
,,,,
,,,,
,,,,
,,,,
,,,,
,,,,
,,,,
,,,,
,,,,
,,,,
,,,,
,,,,
,,,,
,,,,
,,,,
,,,,
,,,,
,,,,
,,,,
,,,,
,,,,
,,,,
,,,,
,,,,
,,,,
,,,,
,,,,
,,,,
,,,,
,,,,
,,,,
,,,,
,,,,
,,,,
,,,,
,,,,
,,,,
,,,,
,,,,
,,,,
,,,,
,,,,
,,,,
,,,,
,,,,
,,,,
,,,,
,,,,
,,,,
,,,,
,,,,
,,,,
,,,,
,,,,
,,,,
,,,,
,,,,
,,,,
,,,,
,,,,
,,,,
,,,,
,,,,
,,,,
,,,,
,,,,
,,,,
,,,,
,,,,
,,,,
,,,,
,,,,
,,,,
,,,,
,,,,
,,,,
,,,,
,,,,
,,,,
,,,,
,,,,
,,,,
,,,,
,,,,
,,,,
,,,,
,,,,
,,,,
,,,,
,,,,
,,,,
,,,,
,,,,
,,,,
,,,,
,,,,
,,,,
,,,,
,,,,
,,,,
,,,,
,,,,
,,,,
,,,,
,,,,
,,,,
,,,,
,,,,
,,,,
,,,,
,,,,
,,,,
,,,,
,,,,
,,,,
,,,,
,,,,
,,,,
,,,,
,,,,
,,,,
,,,,
,,,,
,,,,
,,,,
,,,,
,,,,
,,,,
,,,,
,,,,
,,,,
,,,,
,,,,
,,,,
,,,,
,,,,
,,,,
,,,,
,,,,
,,,,
,,,,
,,,,
,,,,
,,,,
,,,,
,,,,
,,,,
,,,,
,,,,
,,,,
,,,,
,,,,
,,,,
,,,,
,,,,
,,,,
,,,,
,,,,
,,,,
,,,,
,,,,
,,,,
,,,,
,,,,
,,,,
,,,,
,,,,
,,,,
,,,,
,,,,
,,,,
,,,,
,,,,
,,,,
,,,,
,,,,
,,,,
,,,,
,,,,
,,,,
,,,,
,,,,
,,,,
,,,,
,,,,
,,,,
,,,,
,,,,
,,,,
,,,,
,,,,
,,,,
,,,,
,,,,
,,,,
,,,,
,,,,
,,,,
,,,,
,,,,
,,,,
,,,,
,,,,
,,,,
,,,,
,,,,
,,,,
,,,,
,,,,
,,,,
,,,,
,,,,
,,,,
,,,,
,,,,
,,,,
,,,,
,,,,
,,,,
,,,,
,,,,
,,,,
,,,,
,,,,
,,,,
,,,,
,,,,
,,,,
,,,,
,,,,
,,,,
,,,,
,,,,
,,,,
,,,,
,,,,
,,,,
,,,,
,,,,
,,,,
,,,,
,,,,
,,,,
,,,,
,,,,
,,,,
,,,,
,,,,
,,,,
,,,,
,,,,
,,,,
,,,,
,,,,
,,,,
,,,,
,,,,
,,,,
,,,,
,,,,
,,,,
,,,,
,,,,
,,,,
,,,,
,,,,
,,,,
,,,,
,,,,
,,,,
,,,,
,,,,
,,,,
,,,,
,,,,
,,,,
,,,,
,,,,
,,,,
,,,,
,,,,
,,,,
,,,,
,,,,
,,,,
,,,,
,,,,
,,,,
,,,,
,,,,
,,,,
,,,,
,,,,
,,,,
,,,,
,,,,
,,,,
,,,,
,,,,
,,,,
,,,,
,,,,
,,,,
,,,,
,,,,
,,,,
,,,,
,,,,
,,,,
,,,,
,,,,
,,,,
,,,,
,,,,
,,,,
,,,,
,,,,
,,,,
,,,,
,,,,
,,,,
,,,,
,,,,
,,,,
,,,,
,,,,
,,,,
,,,,
,,,,
,,,,
,,,,
,,,,
,,,,
,,,,
,,,,
,,,,
,,,,
,,,,
,,,,
,,,,
,,,,
,,,,
,,,,
,,,,
,,,,
,,,,
,,,,
,,,,
,,,,
,,,,
,,,,
,,,,
,,,,
,,,,
,,,,
,,,,
,,,,
,,,,
,,,,
,,,,
,,,,
,,,,
,,,,
,,,,
,,,,
,,,,
,,,,
,,,,
,,,,
,,,,
,,,,
,,,,
,,,,
,,,,
,,,,
,,,,
,,,,
,,,,
,,,,
,,,,
,,,,
,,,,
,,,,
,,,,
,,,,
,,,,
,,,,
,,,,
,,,,
,,,,
,,,,
,,,,
,,,,
,,,,
,,,,
,,,,
,,,,
,,,,
,,,,
,,,,
,,,,
,,,,
,,,,
,,,,
,,,,
,,,,
,,,,
,,,,
,,,,
,,,,
,,,,
,,,,
,,,,
,,,,
,,,,
,,,,
,,,,
,,,,
,,,,
,,,,
,,,,
,,,,
,,,,
,,,,
,,,,
,,,,
,,,,
,,,,
,,,,
,,,,
,,,,
,,,,
,,,,
,,,,
,,,,
,,,,
,,,,
,,,,
,,,,
,,,,
,,,,
,,,,
,,,,
,,,,
,,,,
,,,,
,,,,
,,,,
,,,,
,,,,
,,,,
,,,,
,,,,
,,,,
,,,,
,,,,
,,,,
,,,,
,,,,
,,,,
,,,,
,,,,
,,,,
,,,,
,,,,
,,,,
,,,,
,,,,
,,,,
,,,,
,,,,
,,,,
,,,,
,,,,
,,,,
,,,,
,,,,
,,,,
,,,,
,,,,
,,,,
,,,,
,,,,
,,,,
,,,,
,,,,
,,,,
,,,,
,,,,
,,,,
,,,,
,,,,
,,,,
,,,,
,,,,
,,,,
,,,,
,,,,
,,,,
,,,,
,,,,
,,,,
,,,,
,,,,
,,,,
,,,,
,,,,
,,,,
,,,,
,,,,
,,,,
,,,,
,,,,
,,,,
,,,,
,,,,
,,,,
,,,,
,,,,
,,,,
,,,,
,,,,
,,,,
,,,,
,,,,
,,,,
,,,,
,,,,
,,,,
,,,,
,,,,
,,,,
,,,,
,,,,
,,,,
,,,,
,,,,
,,,,
,,,,
,,,,
,,,,
,,,,
,,,,
,,,,
,,,,
,,,,
,,,,
,,,,
,,,,
,,,,
,,,,
,,,,
,,,,
,,,,
,,,,
,,,,
,,,,
,,,,
,,,,
,,,,
,,,,
,,,,
,,,,
,,,,
,,,,
,,,,
,,,,
,,,,
,,,,
,,,,
,,,,
,,,,
,,,,
,,,,
,,,,
,,,,
,,,,
,,,,
,,,,
,,,,
,,,,
,,,,
,,,,
,,,,
,,,,
,,,,
,,,,
,,,,
,,,,
,,,,
,,,,
,,,,
,,,,
,,,,
,,,,
,,,,
,,,,
,,,,
,,,,
,,,,
,,,,
,,,,
,,,,
,,,,
,,,,
,,,,
,,,,
,,,,
,,,,
,,,,
,,,,
,,,,
,,,,
,,,,
,,,,
,,,,
,,,,
,,,,
,,,,
,,,,
,,,,
,,,,
,,,,
,,,,
,,,,
,,,,
,,,,
,,,,
,,,,
,,,,
,,,,
,,,,
,,,,
,,,,
,,,,
,,,,
,,,,
,,,,
,,,,
,,,,
,,,,
,,,,
,,,,
,,,,
,,,,
,,,,
,,,,
,,,,
,,,,
,,,,
,,,,
,,,,
,,,,
,,,,
,,,,
,,,,
,,,,
,,,,
,,,,
,,,,
,,,,
,,,,
,,,,
,,,,
,,,,
,,,,
,,,,
,,,,
,,,,
,,,,
,,,,
,,,,
,,,,
,,,,
,,,,
,,,,
,,,,
,,,,
,,,,
,,,,
,,,,
,,,,
,,,,
,,,,
,,,,
,,,,
,,,,
,,,,
,,,,
,,,,
,,,,
,,,,
,,,,
,,,,
,,,,
,,,,
,,,,
,,,,
,,,,
,,,,
,,,,
,,,,
,,,,
,,,,
,,,,
,,,,
,,,,
,,,,
,,,,
,,,,
,,,,
,,,,
,,,,
,,,,
,,,,
,,,,
,,,,
,,,,
,,,,
,,,,
,,,,
,,,,
,,,,
,,,,
,,,,
,,,,
,,,,
,,,,
,,,,
,,,,
,,,,
,,,,
,,,,
,,,,
,,,,
,,,,
,,,,
,,,,
,,,,
,,,,
,,,,
,,,,
,,,,
,,,,
,,,,
,,,,
,,,,
,,,,
,,,,
,,,,
,,,,
,,,,
,,,,
,,,,
,,,,
,,,,
,,,,
,,,,
,,,,
,,,,
,,,,
,,,,
,,,,
Device 13,-2.1184038,53.2514625,5,2018-06-09 15:07:15
Device 13,-2.1182799,53.2515713,5,2018-06-09 15:07:50
Device 13,-2.1190911,53.251525,5,2018-06-09 15:09:49
Device 13,-2.1201372,53.2518478,5,2018-06-09 15:10:49
Device 13,-2.1206604,53.2520559,5,2018-06-09 15:11:01
Device 13,-2.1206061,53.2520303,5,2018-06-09 15:11:23
Device 13,-2.1204448,53.2520465,5,2018-06-09 15:11:53
Device 13,-2.1205952,53.2519651,5,2018-06-09 15:12:15
Device 13,-2.1205884,53.2520358,5,2018-06-09 15:12:51
Device 13,-2.1205884,53.2520358,5,2018-06-09 15:13:11
Device 13,-2.1205884,53.2520358,5,2018-06-09 15:13:53
Device 13,-2.1205884,53.2520358,5,2018-06-09 15:14:15
Device 13,-2.1205884,53.2520358,5,2018-06-09 15:14:33
Device 13,-2.1205884,53.2520358,5,2018-06-09 15:15:54
Device 13,-2.1205884,53.2520358,4,2018-06-09 15:16:14
Device 13,-2.1211374,53.2522818,5,2018-06-09 15:16:29
Device 13,-2.1212645,53.2523425,4,2018-06-09 15:16:50
Device 13,-2.1214838,53.2521999,4,2018-06-09 15:17:26
Device 13,-2.1213274,53.2521078,5,2018-06-09 15:17:32
Device 13,-2.1213182,53.2520649,5,2018-06-09 15:17:38
Device 13,-2.1212826,53.2517297,5,2018-06-09 15:18:12
Device 13,-2.1212826,53.2517297,4,2018-06-09 15:18:29
Device 13,-2.1211841,53.2512473,5,2018-06-09 15:19:34
Device 13,-2.1211841,53.2512473,5,2018-06-09 15:19:50
Device 13,-2.1211841,53.2512473,5,2018-06-09 15:19:56
Device 13,-2.1212254,53.2510702,4,2018-06-09 15:21:32
Device 13,-2.1212254,53.2510702,4,2018-06-09 15:22:09
Device 13,-2.1209398,53.2502488,5,2018-06-09 15:22:16
Device 13,-2.120945,53.2501396,5,2018-06-09 15:23:25
Device 13,-2.120945,53.2501396,4,2018-06-09 15:24:00
Device 13,-2.120945,53.2501396,5,2018-06-09 15:24:18
Device 13,-2.1195109,53.249798,5,2018-06-09 15:25:05
Device 13,-2.1187909,53.2503945,5,2018-06-09 15:26:27
Device 13,-2.118523,53.250707,5,2018-06-09 15:26:46
Device 13,-2.1180287,53.2509185,5,2018-06-09 15:27:05
Device 13,-2.1178084,53.2510888,4,2018-06-09 15:28:13
Device 13,-2.1182889,53.2513959,5,2018-06-09 15:28:56
Device 13,-2.1181211,53.2515671,5,2018-06-09 15:29:19
Device 13,-2.117427,53.2516273,5,2018-06-09 15:29:42
Device 13,-2.117147,53.2516453,5,2018-06-09 15:29:57
Device 13,-2.1165159,53.2518213,5,2018-06-09 15:30:40
Device 13,-2.1164711,53.2518372,1,2018-06-09 15:30:51
Device 13,-2.1165648,53.2518345,5,2018-06-09 15:31:13
Device 13,-2.1166434,53.2518429,4,2018-06-09 15:31:39
Device 13,-2.1164926,53.2528291,2,2018-06-09 15:32:30
Device 13,-2.1165363,53.2518911,4,2018-06-09 15:33:33
Device 13,-2.1165618,53.2518634,4,2018-06-09 15:33:47
Device 13,-2.116749,53.251605,4,2018-06-09 15:34:03
Device 13,-2.1167664,53.2515605,4,2018-06-09 15:34:11
Device 13,-2.1168865,53.251699,4,2018-06-09 15:34:23
Device 13,-2.1175124,53.2516266,5,2018-06-09 15:34:45
Device 13,-2.1182259,53.2514139,5,2018-06-09 15:35:24
Device 13,-2.1180954,53.2516789,1,2018-06-09 15:36:24
Device 13,-2.1180954,53.2516789,2,2018-06-09 15:36:51
Device 13,-2.1183287,53.2515913,2,2018-06-09 16:31:11
,,,,
,,,,
,,,,
,,,,
,,,,
,,,,
,,,,
,,,,
,,,,
,,,,
,,,,
,,,,
,,,,
,,,,
,,,,
,,,,
,,,,
,,,,
,,,,
,,,,
,,,,
,,,,
,,,,
,,,,
,,,,
,,,,
,,,,
,,,,
,,,,
,,,,
,,,,
,,,,
,,,,
,,,,
,,,,
,,,,
,,,,
,,,,
,,,,
,,,,
,,,,
,,,,
,,,,
,,,,
,,,,
,,,,
,,,,
,,,,
,,,,
,,,,
,,,,
,,,,
,,,,
,,,,
,,,,
,,,,
,,,,
,,,,
,,,,
,,,,
,,,,
,,,,
,,,,
,,,,
,,,,
,,,,
,,,,
,,,,
,,,,
,,,,
,,,,
,,,,
,,,,
,,,,
,,,,
,,,,
,,,,
,,,,
,,,,
,,,,
,,,,
,,,,
,,,,
,,,,
,,,,
,,,,
,,,,
,,,,
,,,,
,,,,
,,,,
,,,,
,,,,
,,,,
,,,,
,,,,
,,,,
,,,,
,,,,
,,,,
,,,,
,,,,
,,,,
,,,,
,,,,
,,,,
,,,,
,,,,
,,,,
,,,,
,,,,
,,,,
,,,,
,,,,
,,,,
,,,,
,,,,
,,,,
,,,,
,,,,
,,,,
,,,,
,,,,
,,,,
,,,,
,,,,
,,,,
,,,,
,,,,
,,,,
,,,,
,,,,
,,,,
,,,,
,,,,
,,,,
,,,,
,,,,
,,,,
,,,,
,,,,
,,,,
,,,,
,,,,
,,,,
,,,,
,,,,
,,,,
,,,,
,,,,
,,,,
,,,,
,,,,
,,,,
,,,,
,,,,
,,,,
,,,,
,,,,
,,,,
,,,,
,,,,
,,,,
,,,,
,,,,
,,,,
,,,,
,,,,
,,,,
,,,,
,,,,
,,,,
,,,,
,,,,
,,,,
,,,,
,,,,
,,,,
,,,,
,,,,
,,,,
,,,,
,,,,
,,,,
,,,,
,,,,
,,,,
,,,,
,,,,
,,,,
,,,,
,,,,
,,,,
,,,,
,,,,
,,,,
,,,,
,,,,
,,,,
,,,,
,,,,
,,,,
,,,,
,,,,
,,,,
,,,,
,,,,
,,,,
,,,,
,,,,
,,,,
,,,,
,,,,
,,,,
,,,,
,,,,
,,,,
,,,,
,,,,
,,,,
,,,,
,,,,
,,,,
,,,,
,,,,
,,,,
,,,,
,,,,
,,,,
,,,,
,,,,
,,,,
,,,,
,,,,
,,,,
,,,,
,,,,
,,,,
,,,,
,,,,
,,,,
,,,,
,,,,
,,,,
,,,,
,,,,
,,,,
,,,,
,,,,
,,,,
,,,,
,,,,
,,,,
,,,,
,,,,
,,,,
,,,,
,,,,
,,,,
,,,,
,,,,
,,,,
,,,,
,,,,
,,,,
,,,,
,,,,
,,,,
,,,,
,,,,
,,,,
,,,,
,,,,
,,,,
,,,,
,,,,
,,,,
,,,,
,,,,
,,,,
,,,,
,,,,
,,,,
,,,,
,,,,
,,,,
,,,,
,,,,
,,,,
,,,,
,,,,
,,,,
,,,,
,,,,
,,,,
,,,,
,,,,
,,,,
,,,,
,,,,
,,,,
,,,,
,,,,
,,,,
,,,,
,,,,
,,,,
,,,,
,,,,
,,,,
,,,,
,,,,
,,,,
,,,,
,,,,
,,,,
,,,,
,,,,
,,,,
,,,,
,,,,
,,,,
,,,,
,,,,
,,,,
,,,,
,,,,
,,,,
,,,,
,,,,
,,,,
,,,,
,,,,
,,,,
,,,,
,,,,
,,,,
,,,,
,,,,
,,,,
,,,,
,,,,
,,,,
,,,,
,,,,
,,,,
,,,,
,,,,
,,,,
,,,,
,,,,
,,,,
,,,,
,,,,
,,,,
,,,,
,,,,
,,,,
,,,,
,,,,
,,,,
,,,,
,,,,
,,,,
,,,,
,,,,
,,,,
,,,,
,,,,
,,,,
,,,,
,,,,
,,,,
,,,,
,,,,
,,,,
,,,,
,,,,
,,,,
,,,,
,,,,
,,,,
,,,,
,,,,
,,,,
,,,,
,,,,
,,,,
,,,,
,,,,
,,,,
,,,,
,,,,
,,,,
,,,,
,,,,
,,,,
,,,,
,,,,
,,,,
,,,,
,,,,
,,,,
,,,,
,,,,
,,,,
,,,,
,,,,
,,,,
,,,,
,,,,
,,,,
,,,,
,,,,
,,,,
,,,,
,,,,
,,,,
,,,,
,,,,
,,,,
,,,,
,,,,
,,,,
,,,,
,,,,
,,,,
,,,,
,,,,
,,,,
,,,,
,,,,
,,,,
,,,,
,,,,
,,,,
,,,,
,,,,
,,,,
,,,,
,,,,
,,,,
,,,,
,,,,
,,,,
,,,,
,,,,
,,,,
,,,,
,,,,
,,,,
,,,,
,,,,
,,,,
,,,,
,,,,
,,,,
,,,,
,,,,
,,,,
,,,,
,,,,
,,,,
,,,,
,,,,
,,,,
,,,,
,,,,
,,,,
,,,,
,,,,
,,,,
,,,,
,,,,
,,,,
,,,,
,,,,
,,,,
,,,,
,,,,
,,,,
,,,,
,,,,
,,,,
,,,,
,,,,
,,,,
,,,,
,,,,
,,,,
,,,,
,,,,
,,,,
,,,,
,,,,
,,,,
,,,,
,,,,
,,,,
,,,,
,,,,
,,,,
,,,,
,,,,
,,,,
,,,,
,,,,
,,,,
,,,,
,,,,
,,,,
,,,,
,,,,
,,,,
,,,,
,,,,
,,,,
,,,,
,,,,
,,,,
,,,,
,,,,
,,,,
,,,,
,,,,
,,,,
,,,,
,,,,
,,,,
,,,,
,,,,
,,,,
,,,,
,,,,
,,,,
,,,,
,,,,
,,,,
,,,,
,,,,
,,,,
,,,,
,,,,
,,,,
,,,,
,,,,
,,,,
,,,,
,,,,
,,,,
,,,,
,,,,
,,,,
,,,,
,,,,
,,,,
,,,,
,,,,
,,,,
,,,,
,,,,
,,,,
,,,,
,,,,
,,,,
,,,,
,,,,
,,,,
,,,,
,,,,
,,,,
,,,,
,,,,
,,,,
,,,,
,,,,
,,,,
,,,,
,,,,
,,,,
,,,,
,,,,
,,,,
,,,,
,,,,
,,,,
,,,,
,,,,
,,,,
,,,,
,,,,
,,,,
,,,,
,,,,
,,,,
,,,,
,,,,
,,,,
,,,,
,,,,
,,,,
,,,,
,,,,
,,,,
,,,,
Device 16,-2.1195787,53.251722,4,2018-06-09 15:11:35
Device 16,-2.1204548,53.2520218,4,2018-06-09 15:15:56
Device 16,-2.1204548,53.2520218,5,2018-06-09 15:16:37
Device 16,-2.1204548,53.2520218,5,2018-06-09 15:19:20
Device 16,-2.1204548,53.2520218,5,2018-06-09 15:19:58
Device 16,-2.1204548,53.2520218,5,2018-06-09 15:22:33
Device 16,-2.1204548,53.2520218,2,2018-06-09 15:24:31
Device 16,-2.1204548,53.2520218,4,2018-06-09 15:25:00
Device 16,-2.1204548,53.2520218,5,2018-06-09 15:25:13
Device 16,-2.1204548,53.2520218,4,2018-06-09 15:27:21
Device 16,-2.1204548,53.2520218,5,2018-06-09 15:28:07
Device 16,-2.1204548,53.2520218,1,2018-06-09 15:30:55
Device 16,-2.1204548,53.2520218,5,2018-06-09 15:31:21
Device 16,-2.1204548,53.2520218,1,2018-06-09 15:32:31
Device 16,-2.1204548,53.2520218,5,2018-06-09 15:33:01
Device 16,-2.1204548,53.2520218,1,2018-06-09 15:38:58
,,,,
Device 16,4.3086458,50.8660703,5,2018-09-20 8:56:31
Device 16,4.3086458,50.8660703,5,2018-09-20 9:00:00
Device 16,4.3095702,50.8666111,4,2018-09-20 9:00:32
Device 16,4.3093874,50.8667857,5,2018-09-20 9:01:16
Device 16,4.3093874,50.8667857,5,2018-09-20 9:01:29
Device 16,4.3093546,50.8666251,4,2018-09-20 9:04:22
Device 16,4.3093546,50.8666251,4,2018-09-20 9:04:32
Device 16,4.3067742,50.8667539,4,2018-09-20 9:08:31
Device 16,4.3050455,50.8660458,5,2018-09-20 9:12:23
Device 16,4.3050455,50.8660458,5,2018-09-20 9:12:32
Device 16,4.3050455,50.8660458,4,2018-09-20 9:15:47
Device 16,4.3050455,50.8660458,4,2018-09-20 9:16:29
Device 16,4.3050455,50.8660458,4,2018-09-20 9:16:39
Device 16,4.3050455,50.8660458,4,2018-09-20 9:16:49
Device 16,4.3066307,50.8646256,4,2018-09-20 9:17:17
Device 16,4.306654,50.8648778,2,2018-09-20 9:21:06
Device 16,4.306654,50.8648778,4,2018-09-20 9:21:31
Device 16,4.306654,50.8648778,5,2018-09-20 9:21:50
Device 16,4.3086819,50.8649712,4,2018-09-20 9:23:05
Device 16,4.3104729,50.8655212,4,2018-09-20 9:26:22
,,,,
Device 16,4.3525269,50.8412608,5,2018-12-07 9:51:44
Device 16,4.3525367,50.8412503,4,2018-12-07 9:52:51
Device 16,4.3526652,50.8413092,2,2018-12-07 9:55:40
Device 16,4.3526652,50.8413092,2,2018-12-07 10:00:21
Device 16,4.3511899,50.8422677,5,2018-12-07 10:00:58
Device 16,4.3512031,50.8423372,2,2018-12-07 10:06:24
Device 16,4.3512031,50.8423372,2,2018-12-07 10:06:34
Device 16,4.3512031,50.8423372,4,2018-12-07 10:06:45
Device 16,4.3512031,50.8423372,5,2018-12-07 10:07:09
Device 16,4.3561413,50.8395717,5,2018-12-07 10:13:23
Device 16,4.3561413,50.8395717,2,2018-12-07 10:13:34
Device 16,4.3561413,50.8395717,5,2018-12-07 10:13:52
Device 16,4.3558843,50.8396411,1,2018-12-07 10:20:47
Device 16,4.3537383,50.8394109,4,2018-12-07 10:21:34
Device 16,4.3538475,50.8394206,4,2018-12-07 10:26:09
Device 16,4.3556746,50.840814,4,2018-12-07 10:27:00
Device 16,4.3556746,50.840814,5,2018-12-07 10:27:11
Device 16,4.3536742,50.8410116,5,2018-12-07 10:31:20
Device 16,4.353701,50.8410401,4,2018-12-07 10:31:56
Device 16,4.3526041,50.8413051,2,2018-12-07 10:45:28
Device 16,4.3526041,50.8413051,4,2018-12-07 10:47:03
,,,,
,,,,
,,,,
,,,,
,,,,
,,,,
,,,,
,,,,
,,,,
,,,,
,,,,
,,,,
,,,,
,,,,
,,,,
,,,,
,,,,
,,,,
,,,,
,,,,
,,,,
,,,,
,,,,
,,,,
,,,,
,,,,
,,,,
,,,,
,,,,
,,,,
,,,,
,,,,
,,,,
,,,,
,,,,
,,,,
,,,,
,,,,
,,,,
,,,,
,,,,
,,,,
,,,,
,,,,
,,,,
,,,,
,,,,
,,,,
,,,,
,,,,
,,,,
,,,,
,,,,
,,,,
,,,,
,,,,
,,,,
,,,,
,,,,
,,,,
,,,,
,,,,
,,,,
,,,,
,,,,
,,,,
,,,,
,,,,
,,,,
,,,,
,,,,
,,,,
,,,,
,,,,
,,,,
,,,,
,,,,
,,,,
,,,,
,,,,
,,,,
,,,,
,,,,
,,,,
,,,,
,,,,
,,,,
,,,,
,,,,
,,,,
,,,,
,,,,
,,,,
,,,,
,,,,
,,,,
,,,,
,,,,
,,,,
,,,,
,,,,
,,,,
,,,,
,,,,
,,,,
,,,,
,,,,
,,,,
,,,,
,,,,
,,,,
,,,,
,,,,
,,,,
,,,,
,,,,
,,,,
,,,,
,,,,
,,,,
,,,,
,,,,
,,,,
,,,,
,,,,
,,,,
,,,,
,,,,
,,,,
,,,,
,,,,
,,,,
,,,,
,,,,
,,,,
,,,,
,,,,
,,,,
,,,,
,,,,
,,,,
,,,,
,,,,
,,,,
,,,,
,,,,
,,,,
,,,,
,,,,
,,,,
,,,,
,,,,
,,,,
,,,,
,,,,
,,,,
,,,,
,,,,
,,,,
,,,,
,,,,
,,,,
,,,,
,,,,
,,,,
,,,,
,,,,
,,,,
,,,,
,,,,
,,,,
,,,,
,,,,
,,,,
,,,,
,,,,
,,,,
,,,,
,,,,
,,,,
,,,,
,,,,
,,,,
,,,,
,,,,
,,,,
,,,,
,,,,
,,,,
,,,,
,,,,
,,,,
,,,,
,,,,
,,,,
,,,,
,,,,
,,,,
,,,,
,,,,
,,,,
,,,,
,,,,
,,,,
,,,,
,,,,
,,,,
,,,,
,,,,
,,,,
,,,,
,,,,
,,,,
,,,,
,,,,
,,,,
,,,,
,,,,
,,,,
,,,,
,,,,
,,,,
,,,,
,,,,
,,,,
,,,,
,,,,
,,,,
,,,,
,,,,
,,,,
,,,,
,,,,
,,,,
,,,,
,,,,
,,,,
,,,,
,,,,
,,,,
,,,,
,,,,
,,,,
,,,,
,,,,
,,,,
,,,,
,,,,
,,,,
,,,,
,,,,
,,,,
,,,,
,,,,
,,,,
,,,,
,,,,
,,,,
,,,,
,,,,
,,,,
,,,,
,,,,
,,,,
,,,,
,,,,
,,,,
,,,,
,,,,
,,,,
,,,,
,,,,
,,,,
,,,,
,,,,
,,,,
,,,,
,,,,
,,,,
,,,,
,,,,
,,,,
,,,,
,,,,
,,,,
,,,,
,,,,
,,,,
,,,,
,,,,
,,,,
,,,,
,,,,
,,,,
,,,,
,,,,
,,,,
,,,,
,,,,
,,,,
,,,,
,,,,
,,,,
,,,,
,,,,
,,,,
,,,,
,,,,
,,,,
,,,,
,,,,
,,,,
,,,,
,,,,
,,,,
,,,,
,,,,
,,,,
,,,,
,,,,
,,,,
,,,,
,,,,
,,,,
,,,,
,,,,
,,,,
,,,,
,,,,
,,,,
,,,,
,,,,
,,,,
,,,,
,,,,
,,,,
,,,,
,,,,
,,,,
,,,,
,,,,
,,,,
,,,,
,,,,
,,,,
,,,,
,,,,
,,,,
,,,,
,,,,
,,,,
,,,,
,,,,
,,,,
,,,,
,,,,
,,,,
,,,,
,,,,
,,,,
,,,,
,,,,
,,,,
,,,,
,,,,
,,,,
,,,,
,,,,
,,,,
,,,,
,,,,
,,,,
,,,,
,,,,
,,,,
,,,,
,,,,
,,,,
,,,,
,,,,
,,,,
,,,,
,,,,
,,,,
,,,,
,,,,
,,,,
,,,,
,,,,
,,,,
,,,,
,,,,
,,,,
,,,,
,,,,
,,,,
,,,,
,,,,
,,,,
,,,,
,,,,
,,,,
,,,,
,,,,
,,,,
,,,,
,,,,
,,,,
,,,,
,,,,
,,,,
,,,,
,,,,
,,,,
,,,,
,,,,
,,,,
,,,,
,,,,
,,,,
,,,,
,,,,
,,,,
,,,,
,,,,
,,,,
,,,,
,,,,
,,,,
,,,,
,,,,
,,,,
,,,,
,,,,
,,,,
,,,,
,,,,
,,,,
,,,,
,,,,
,,,,
,,,,
,,,,
,,,,
,,,,
,,,,
,,,,
,,,,
,,,,
,,,,
,,,,
,,,,
,,,,
,,,,
,,,,
,,,,
,,,,
,,,,
,,,,
,,,,
,,,,
,,,,
,,,,
,,,,
,,,,
,,,,
,,,,
,,,,
,,,,
,,,,
,,,,
,,,,
,,,,
,,,,
,,,,
,,,,
,,,,
,,,,
,,,,
,,,,
,,,,
,,,,
,,,,
,,,,
,,,,
,,,,
,,,,
,,,,
,,,,
,,,,
,,,,
,,,,
,,,,
,,,,
,,,,
,,,,
,,,,
,,,,
,,,,
,,,,
,,,,
,,,,
,,,,
,,,,
,,,,
,,,,
,,,,
,,,,
,,,,
,,,,
,,,,
,,,,
,,,,
,,,,
,,,,
,,,,
,,,,
,,,,
,,,,
,,,,
,,,,
,,,,
,,,,
,,,,
,,,,
,,,,
,,,,
,,,,
,,,,
,,,,
,,,,
,,,,
,,,,
,,,,
,,,,
,,,,
,,,,
,,,,
,,,,
,,,,
,,,,
,,,,
,,,,
,,,,
,,,,
,,,,
,,,,
,,,,
,,,,
,,,,
,,,,
,,,,
,,,,
,,,,
,,,,
,,,,
,,,,
,,,,
,,,,
,,,,
,,,,
,,,,
,,,,
,,,,
,,,,
,,,,
,,,,
,,,,
,,,,
,,,,
,,,,
,,,,
,,,,
,,,,
,,,,
,,,,
,,,,
,,,,
,,,,
,,,,
,,,,
,,,,
,,,,
,,,,
,,,,
,,,,
,,,,
,,,,
,,,,
,,,,
,,,,
,,,,
,,,,
,,,,
,,,,
,,,,
,,,,
,,,,
,,,,
,,,,
,,,,
,,,,
,,,,
,,,,
,,,,
,,,,
,,,,
,,,,
,,,,
,,,,
,,,,
,,,,
,,,,
,,,,
,,,,
,,,,
,,,,
,,,,
,,,,
,,,,
,,,,
,,,,
,,,,
,,,,
,,,,
,,,,
,,,,
,,,,
,,,,
,,,,
,,,,
,,,,
,,,,
,,,,
,,,,
,,,,
,,,,
,,,,
,,,,
,,,,
,,,,
,,,,
,,,,
,,,,
,,,,
,,,,
,,,,
,,,,
,,,,
,,,,
,,,,
,,,,
,,,,
,,,,
,,,,
,,,,
,,,,
,,,,
,,,,
,,,,
,,,,
,,,,
,,,,
,,,,
,,,,
,,,,
,,,,
,,,,
,,,,
,,,,
,,,,
,,,,
,,,,
,,,,
,,,,
,,,,
,,,,
,,,,
,,,,
,,,,
,,,,
,,,,
,,,,
,,,,
,,,,
,,,,
,,,,
,,,,
,,,,
,,,,
,,,,
,,,,
,,,,
,,,,
,,,,
,,,,
,,,,
,,,,
,,,,
,,,,
,,,,
,,,,
,,,,
,,,,
,,,,
,,,,
,,,,
,,,,
,,,,
,,,,
,,,,
,,,,
,,,,
,,,,
,,,,
,,,,
,,,,
,,,,
,,,,
,,,,
,,,,
,,,,
,,,,
,,,,
,,,,
,,,,
,,,,
,,,,
,,,,
,,,,
,,,,
,,,,
,,,,
,,,,
,,,,
,,,,
,,,,
,,,,
,,,,
,,,,
,,,,
,,,,
,,,,
,,,,
,,,,
,,,,
,,,,
,,,,
,,,,
,,,,
,,,,
,,,,
,,,,
,,,,
,,,,
,,,,
,,,,
,,,,
,,,,
,,,,
,,,,
,,,,
,,,,
,,,,
,,,,
,,,,
,,,,
,,,,
,,,,
,,,,
,,,,
,,,,
,,,,
,,,,
,,,,
,,,,
,,,,
,,,,
,,,,
,,,,
,,,,
,,,,
,,,,
,,,,
,,,,
,,,,
,,,,
,,,,
,,,,
,,,,
,,,,
,,,,
,,,,
,,,,
,,,,
,,,,
,,,,
,,,,
Device 20,4.3525833,50.8412462,2,2018-12-07 7:54:45
Device 20,4.3525913,50.8412463,2,2018-12-07 8:11:08
Device 20,4.3525913,50.8412463,2,2018-12-07 8:19:10
Device 20,4.3525913,50.8412463,2,2018-12-07 8:23:45
Device 20,4.3525913,50.8412463,2,2018-12-07 8:25:03
Device 20,4.3525913,50.8412463,2,2018-12-07 8:28:20
Device 20,4.3525966,50.8412543,2,2018-12-07 8:33:23
Device 20,4.3525884,50.8412616,2,2018-12-07 8:53:01
,,,,
,,,,
,,,,
,,,,
,,,,
,,,,
,,,,
,,,,
,,,,
,,,,
,,,,
,,,,
,,,,
,,,,
,,,,
,,,,
,,,,
,,,,
,,,,
,,,,
,,,,
,,,,
,,,,
,,,,
,,,,
,,,,
,,,,
,,,,
,,,,
,,,,
,,,,
,,,,
,,,,
,,,,
,,,,
,,,,
,,,,
,,,,
,,,,
,,,,
,,,,
,,,,
,,,,
,,,,
,,,,
,,,,
,,,,
,,,,
,,,,
,,,,
,,,,
,,,,
,,,,
,,,,
,,,,
,,,,
,,,,
,,,,
,,,,
,,,,
,,,,
,,,,
,,,,
,,,,
,,,,
,,,,
,,,,
,,,,
,,,,
,,,,
,,,,
,,,,
,,,,
,,,,
,,,,
,,,,
,,,,
,,,,
,,,,
,,,,
,,,,
,,,,
,,,,
,,,,
,,,,
,,,,
,,,,
,,,,
,,,,
,,,,
,,,,
,,,,
,,,,
,,,,
,,,,
,,,,
,,,,
,,,,
,,,,
,,,,
,,,,
,,,,
,,,,
,,,,
,,,,
,,,,
,,,,
,,,,
,,,,
,,,,
,,,,
,,,,
,,,,
,,,,
,,,,
,,,,
,,,,
,,,,
,,,,
,,,,
,,,,
,,,,
,,,,
,,,,
,,,,
,,,,
,,,,
,,,,
,,,,
,,,,
,,,,
,,,,
,,,,
,,,,
,,,,
,,,,
,,,,
,,,,
,,,,
,,,,
,,,,
,,,,
,,,,
,,,,
,,,,
,,,,
,,,,
,,,,
,,,,
,,,,
,,,,
,,,,
,,,,
,,,,
,,,,
,,,,
,,,,
,,,,
,,,,
,,,,
,,,,
,,,,
,,,,
,,,,
,,,,
,,,,
,,,,
,,,,
,,,,
,,,,
,,,,
,,,,
,,,,
,,,,
,,,,
,,,,
,,,,
,,,,
,,,,
,,,,
,,,,
,,,,
,,,,
,,,,
,,,,
,,,,
,,,,
,,,,
,,,,
,,,,
,,,,
,,,,
,,,,
,,,,
,,,,
,,,,
,,,,
,,,,
,,,,
,,,,
,,,,
,,,,
,,,,
,,,,
,,,,
,,,,
,,,,
,,,,
,,,,
,,,,
,,,,
,,,,
,,,,
,,,,
,,,,
,,,,
,,,,
,,,,
,,,,
,,,,
,,,,
,,,,
,,,,
,,,,
,,,,
,,,,
,,,,
,,,,
,,,,
,,,,
,,,,
,,,,
,,,,
,,,,
,,,,
,,,,
,,,,
,,,,
,,,,
,,,,
,,,,
,,,,
,,,,
,,,,
,,,,
,,,,
,,,,
,,,,
,,,,
,,,,
,,,,
,,,,
,,,,
,,,,
,,,,
,,,,
,,,,
,,,,
,,,,
,,,,
,,,,
,,,,
,,,,
,,,,
,,,,
,,,,
,,,,
,,,,
,,,,
,,,,
,,,,
,,,,
,,,,
,,,,
,,,,
,,,,
,,,,
,,,,
,,,,
,,,,
,,,,
,,,,
,,,,
,,,,
,,,,
,,,,
,,,,
,,,,
,,,,
,,,,
,,,,
,,,,
,,,,
,,,,
,,,,
,,,,
,,,,
,,,,
,,,,
,,,,
,,,,
,,,,
,,,,
,,,,
,,,,
,,,,
,,,,
,,,,
,,,,
,,,,
,,,,
,,,,
,,,,
,,,,
,,,,
,,,,
,,,,
,,,,
,,,,
,,,,
,,,,
,,,,
,,,,
,,,,
,,,,
,,,,
,,,,
,,,,
,,,,
,,,,
,,,,
,,,,
,,,,
,,,,
,,,,
,,,,
,,,,
,,,,
,,,,
,,,,
,,,,
,,,,
,,,,
,,,,
,,,,
,,,,
,,,,
,,,,
,,,,
,,,,
,,,,
,,,,
,,,,
,,,,
,,,,
,,,,
,,,,
,,,,
,,,,
,,,,
,,,,
,,,,
,,,,
,,,,
,,,,
,,,,
,,,,
,,,,
,,,,
,,,,
,,,,
,,,,
,,,,
,,,,
,,,,
,,,,
,,,,
,,,,
,,,,
,,,,
,,,,
,,,,
,,,,
,,,,
,,,,
,,,,
,,,,
,,,,
,,,,
,,,,
,,,,
,,,,
,,,,
,,,,
,,,,
,,,,
Device 18,4.3520679,50.8410315,4,2018-12-07 9:49:57
Device 18,4.3520679,50.8410315,2,2018-12-07 9:50:45
Device 18,4.3520679,50.8410315,4,2018-12-07 9:50:51
Device 18,4.3525483,50.8412286,4,2018-12-07 9:51:09
Device 18,4.3525398,50.8412587,5,2018-12-07 9:51:44
Device 18,4.3525364,50.8412368,5,2018-12-07 9:52:25
Device 18,4.3520326,50.8413919,4,2018-12-07 9:52:44
Device 18,4.3524794,50.8413123,1,2018-12-07 9:55:37
Device 18,4.3510416,50.842119,5,2018-12-07 9:59:44
Device 18,4.3510416,50.842119,2,2018-12-07 10:00:26
Device 18,4.3510246,50.8421422,5,2018-12-07 10:01:02
Device 18,4.3512001,50.8420716,4,2018-12-07 10:01:58
Device 18,4.3538277,50.8415337,4,2018-12-07 10:06:22
Device 18,4.353836,50.8415317,5,2018-12-07 10:06:57
Device 18,4.3547537,50.8409377,4,2018-12-07 10:09:03
Device 18,4.3562437,50.8397084,4,2018-12-07 10:13:30
Device 18,4.3562505,50.8396996,5,2018-12-07 10:13:59
Device 18,4.3537756,50.8393474,4,2018-12-07 10:20:13
Device 18,4.3538217,50.839385,5,2018-12-07 10:21:18
Device 18,4.3538288,50.8393914,5,2018-12-07 10:21:39
Device 18,4.3551286,50.8403599,5,2018-12-07 10:26:48
Device 18,4.3539566,50.8409262,4,2018-12-07 10:29:51
Device 18,4.3539563,50.8409263,4,2018-12-07 10:30:02
Device 18,4.3539563,50.8409263,4,2018-12-07 10:30:20
Device 18,4.3538465,50.840976,5,2018-12-07 10:31:20
Device 18,4.3537852,50.8409846,5,2018-12-07 10:31:54
Device 18,4.3525711,50.8412817,5,2018-12-07 10:36:04
,,,,
,,,,
,,,,
,,,,
,,,,
,,,,
,,,,
,,,,
,,,,
,,,,
,,,,
,,,,
,,,,
,,,,
,,,,
,,,,
,,,,
,,,,
,,,,
,,,,
,,,,
,,,,
,,,,
,,,,
,,,,
,,,,
,,,,
,,,,
,,,,
,,,,
,,,,
,,,,
,,,,
,,,,
,,,,
,,,,
,,,,
,,,,
,,,,
,,,,
,,,,
,,,,
,,,,
,,,,
,,,,
,,,,
,,,,
,,,,
,,,,
,,,,
,,,,
,,,,
,,,,
,,,,
,,,,
,,,,
,,,,
,,,,
,,,,
,,,,
,,,,
,,,,
,,,,
,,,,
,,,,
,,,,
,,,,
,,,,
,,,,
,,,,
,,,,
,,,,
,,,,
,,,,
,,,,
,,,,
,,,,
,,,,
,,,,
,,,,
,,,,
,,,,
,,,,
,,,,
,,,,
,,,,
,,,,
,,,,
,,,,
,,,,
,,,,
,,,,
,,,,
,,,,
,,,,
,,,,
,,,,
,,,,
,,,,
,,,,
,,,,
,,,,
,,,,
,,,,
,,,,
,,,,
,,,,
,,,,
,,,,
,,,,
,,,,
,,,,
,,,,
,,,,
,,,,
,,,,
,,,,
,,,,
,,,,
,,,,
,,,,
,,,,
,,,,
,,,,
,,,,
,,,,
,,,,
,,,,
,,,,
,,,,
,,,,
,,,,
,,,,
,,,,
,,,,
,,,,
,,,,
,,,,
,,,,
,,,,
,,,,
,,,,
,,,,
,,,,
,,,,
,,,,
,,,,
,,,,
,,,,
,,,,
,,,,
,,,,
,,,,
,,,,
,,,,
,,,,
,,,,
,,,,
,,,,
,,,,
,,,,
,,,,
,,,,
,,,,
,,,,
,,,,
,,,,
,,,,
,,,,
,,,,
,,,,
,,,,
,,,,
,,,,
,,,,
,,,,
,,,,
,,,,
,,,,
,,,,
,,,,
,,,,
,,,,
,,,,
,,,,
,,,,
,,,,
,,,,
,,,,
,,,,
,,,,
,,,,
,,,,
,,,,
,,,,
,,,,
,,,,
,,,,
,,,,
,,,,
,,,,
,,,,
,,,,
,,,,
,,,,
,,,,
,,,,
,,,,
,,,,
,,,,
,,,,
,,,,
,,,,
,,,,
,,,,
,,,,
,,,,
,,,,
,,,,
,,,,
,,,,
,,,,
,,,,
,,,,
,,,,
,,,,
,,,,
,,,,
,,,,
,,,,
,,,,
,,,,
,,,,
,,,,
,,,,
,,,,
,,,,
,,,,
,,,,
,,,,
,,,,
,,,,
,,,,
,,,,
,,,,
,,,,
,,,,
,,,,
,,,,
,,,,
,,,,
,,,,
,,,,
,,,,
,,,,
,,,,
,,,,
,,,,
,,,,
,,,,
,,,,
,,,,
,,,,
,,,,
,,,,
,,,,
,,,,
,,,,
,,,,
,,,,
,,,,
,,,,
,,,,
,,,,
,,,,
,,,,
,,,,
,,,,
,,,,
,,,,
,,,,
,,,,
,,,,
,,,,
,,,,
,,,,
,,,,
,,,,
,,,,
,,,,
,,,,
,,,,
,,,,
,,,,
,,,,
,,,,
,,,,
,,,,
,,,,
,,,,
,,,,
,,,,
,,,,
,,,,
,,,,
,,,,
,,,,
,,,,
,,,,
,,,,
,,,,
,,,,
,,,,
,,,,
,,,,
,,,,
,,,,
,,,,
,,,,
,,,,
,,,,
,,,,
,,,,
,,,,
,,,,
,,,,
,,,,
,,,,
,,,,
,,,,
,,,,
,,,,
,,,,
,,,,
,,,,
,,,,
,,,,
,,,,
,,,,
,,,,
,,,,
,,,,
,,,,
,,,,
,,,,
,,,,
,,,,
,,,,
,,,,
,,,,
,,,,
,,,,
,,,,
,,,,
,,,,
,,,,
,,,,
,,,,
,,,,
,,,,
,,,,
,,,,
,,,,
,,,,
,,,,
,,,,
,,,,
,,,,
,,,,
,,,,
,,,,
,,,,
,,,,
,,,,
,,,,
,,,,
,,,,
,,,,
,,,,
,,,,
,,,,
,,,,
,,,,
,,,,
,,,,
,,,,
,,,,
,,,,
,,,,
,,,,
,,,,
,,,,
,,,,
,,,,
,,,,
,,,,
,,,,
,,,,
,,,,
,,,,
,,,,
,,,,
,,,,
,,,,
,,,,
,,,,
,,,,
,,,,
,,,,
,,,,
,,,,
,,,,
,,,,
,,,,
,,,,
,,,,
,,,,
,,,,
,,,,
,,,,
,,,,
,,,,
,,,,
,,,,
,,,,
,,,,
,,,,
,,,,
,,,,
,,,,
,,,,
,,,,
,,,,
,,,,
,,,,
,,,,
,,,,
,,,,
,,,,
,,,,
,,,,
,,,,
,,,,
,,,,
,,,,
,,,,
,,,,
,,,,
,,,,
,,,,
,,,,
,,,,
,,,,
,,,,
,,,,
,,,,
,,,,
,,,,
,,,,
,,,,
,,,,
,,,,
,,,,
,,,,
,,,,
,,,,
,,,,
,,,,
,,,,
,,,,
,,,,
,,,,
,,,,
,,,,
,,,,
,,,,
,,,,
,,,,
,,,,
,,,,
,,,,
,,,,
,,,,
,,,,
,,,,
,,,,
,,,,
,,,,
,,,,
,,,,
,,,,
,,,,
,,,,
,,,,
,,,,
,,,,
,,,,
,,,,
,,,,
,,,,
,,,,
,,,,
,,,,
,,,,
,,,,
,,,,
,,,,
,,,,
,,,,
,,,,
,,,,
,,,,
,,,,
,,,,
,,,,
,,,,
,,,,
,,,,
,,,,
,,,,
,,,,
,,,,
,,,,
,,,,
,,,,
,,,,
,,,,
,,,,
,,,,
,,,,
,,,,
,,,,
,,,,
,,,,
,,,,
,,,,
,,,,
,,,,
,,,,
,,,,
,,,,
,,,,
,,,,
,,,,
,,,,
,,,,
,,,,
,,,,
,,,,
,,,,
,,,,
,,,,
,,,,
,,,,
,,,,
,,,,
,,,,
,,,,
,,,,
,,,,
,,,,
,,,,
,,,,
,,,,
,,,,
,,,,
,,,,
,,,,
,,,,
,,,,
,,,,
,,,,
,,,,
,,,,
,,,,
,,,,
,,,,
,,,,
,,,,
,,,,
,,,,
,,,,
,,,,
,,,,
,,,,
,,,,
,,,,
,,,,
,,,,
,,,,
,,,,
,,,,
,,,,
,,,,
,,,,
,,,,
,,,,
,,,,
,,,,
,,,,
,,,,
,,,,
,,,,
,,,,
,,,,
,,,,
,,,,
,,,,
,,,,
,,,,
,,,,
,,,,
,,,,
,,,,
,,,,
,,,,
,,,,
,,,,
,,,,
,,,,
,,,,
,,,,
,,,,
,,,,
,,,,
,,,,
,,,,
,,,,
,,,,
,,,,
,,,,
,,,,
,,,,
,,,,
,,,,
,,,,
,,,,
,,,,
,,,,
,,,,
,,,,
,,,,
,,,,
,,,,
,,,,
,,,,
,,,,
,,,,
,,,,
,,,,
,,,,
,,,,
,,,,
,,,,
,,,,
,,,,
,,,,
,,,,
,,,,
,,,,
,,,,
,,,,
,,,,
,,,,
,,,,
,,,,
,,,,
,,,,
,,,,
,,,,
,,,,
,,,,
,,,,
,,,,
,,,,
,,,,
,,,,
,,,,
,,,,
,,,,
,,,,
,,,,
,,,,
,,,,
,,,,
,,,,
,,,,
,,,,
,,,,
,,,,
,,,,
,,,,
,,,,
,,,,
,,,,
,,,,
,,,,
,,,,
,,,,
,,,,
,,,,
,,,,
,,,,
,,,,
,,,,
,,,,
,,,,
,,,,
,,,,
,,,,
,,,,
,,,,
,,,,
,,,,
,,,,
,,,,
,,,,
,,,,
,,,,
,,,,
,,,,
,,,,
,,,,
,,,,
,,,,
,,,,
,,,,
,,,,
,,,,
,,,,
,,,,
,,,,
,,,,
,,,,
,,,,
,,,,
,,,,
,,,,
,,,,
,,,,
,,,,
,,,,
,,,,
,,,,
,,,,
,,,,
,,,,
,,,,
,,,,
,,,,
,,,,
,,,,
,,,,
,,,,
,,,,
,,,,
,,,,
,,,,
,,,,
,,,,
,,,,
,,,,
,,,,
,,,,
,,,,
,,,,
,,,,
,,,,
,,,,
,,,,
,,,,
,,,,
,,,,
,,,,
,,,,
,,,,
,,,,
,,,,
,,,,
,,,,
,,,,
,,,,
,,,,
,,,,
,,,,
,,,,
,,,,
,,,,
,,,,
,,,,
,,,,
,,,,
,,,,
,,,,
,,,,
,,,,
,,,,
,,,,
,,,,
,,,,
,,,,
,,,,
,,,,
,,,,
,,,,
,,,,
,,,,
,,,,
,,,,
,,,,
,,,,
,,,,
,,,,
,,,,
,,,,
,,,,
,,,,
,,,,
,,,,
,,,,
,,,,
,,,,
,,,,
,,,,
,,,,
,,,,
,,,,
,,,,
,,,,
,,,,
,,,,
,,,,
,,,,
,,,,
,,,,
,,,,
,,,,
,,,,
,,,,
,,,,
,,,,
,,,,
,,,,
,,,,
,,,,
,,,,
,,,,
,,,,
,,,,
,,,,
,,,,
,,,,
,,,,
,,,,
,,,,
,,,,
,,,,
,,,,
,,,,
,,,,
,,,,
,,,,
,,,,
,,,,
,,,,
,,,,
,,,,
,,,,
,,,,
,,,,
,,,,
,,,,
,,,,
,,,,
,,,,
,,,,
,,,,
,,,,
,,,,
,,,,
,,,,
,,,,
,,,,
,,,,
,,,,
,,,,
,,,,
,,,,
,,,,
,,,,
,,,,
,,,,
,,,,
,,,,
,,,,
,,,,
,,,,
,,,,
,,,,
,,,,
,,,,
,,,,
,,,,
,,,,
,,,,
,,,,
,,,,
,,,,
,,,,
,,,,
,,,,
,,,,
,,,,
,,,,
,,,,
,,,,
,,,,
,,,,
,,,,
,,,,
,,,,
,,,,
,,,,
,,,,
,,,,
,,,,
,,,,
,,,,
,,,,
,,,,
,,,,
,,,,
,,,,
,,,,
,,,,
,,,,
,,,,
,,,,
,,,,
,,,,
,,,,
,,,,
,,,,
,,,,
,,,,
,,,,
,,,,
,,,,
,,,,
,,,,
,,,,
,,,,
,,,,
,,,,
,,,,
,,,,
,,,,
,,,,
,,,,
,,,,
,,,,
,,,,
,,,,
,,,,
,,,,
,,,,
,,,,
,,,,
,,,,
,,,,
,,,,
,,,,
Device 19,-2.1186601,53.2512496,5,2018-06-09 15:06:30
Device 19,-2.1186601,53.2512496,5,2018-06-09 15:06:53
Device 19,-2.1186601,53.2512496,5,2018-06-09 15:08:46
Device 19,-2.1198571,53.2518053,4,2018-06-09 15:11:27
Device 19,-2.1198346,53.2519397,5,2018-06-09 15:11:48
Device 19,-2.1198986,53.2518665,4,2018-06-09 15:12:12
Device 19,-2.1211692,53.2524037,5,2018-06-09 15:16:21
Device 19,-2.1211766,53.2524,5,2018-06-09 15:16:54
Device 19,-2.1211878,53.2523962,5,2018-06-09 15:17:09
Device 19,-2.1212981,53.2511757,5,2018-06-09 15:19:18
Device 19,-2.1213587,53.2511857,5,2018-06-09 15:19:43
Device 19,-2.1213387,53.2512109,5,2018-06-09 15:19:51
Device 19,-2.1211439,53.250087,5,2018-06-09 15:21:56
Device 19,-2.1211671,53.2501121,5,2018-06-09 15:22:23
Device 19,-2.119443,53.249861,2,2018-06-09 15:24:31
Device 19,-2.1193836,53.2498378,5,2018-06-09 15:25:00
Device 19,-2.1183921,53.2508174,4,2018-06-09 15:27:20
Device 19,-2.1183855,53.2508201,5,2018-06-09 15:27:49
Device 19,-2.1183849,53.2508205,4,2018-06-09 15:27:55
Device 19,-2.1167423,53.2517318,1,2018-06-09 15:30:49
Device 19,-2.1167283,53.2517363,5,2018-06-09 15:31:12
Device 19,-2.1170681,53.2520983,2,2018-06-09 15:32:30
Device 19,-2.1170518,53.2520932,5,2018-06-09 15:32:51
Device 19,-2.1178524,53.2515747,4,2018-06-09 15:35:18
Device 19,-2.1184688,53.2515681,5,2018-06-09 15:36:21
,,,,
Device 19,4.3086071,50.8660769,5,2018-09-20 8:54:12
Device 19,4.3086605,50.8660305,5,2018-09-20 8:54:54
Device 19,4.3086233,50.8660805,1,2018-09-20 8:55:27
Device 19,4.308628,50.8660803,5,2018-09-20 8:55:56
Device 19,4.3089711,50.8662118,5,2018-09-20 8:58:53
Device 19,4.3091656,50.866575,2,2018-09-20 9:00:31
Device 19,4.3091316,50.8665827,5,2018-09-20 9:01:02
Device 19,4.3091094,50.8665986,4,2018-09-20 9:01:13
Device 19,4.3091422,50.8666014,4,2018-09-20 9:01:24
Device 19,4.3080318,50.8669838,5,2018-09-20 9:03:11
Device 19,4.3076972,50.8669931,5,2018-09-20 9:03:30
Device 19,4.3075242,50.866986,5,2018-09-20 9:03:42
Device 19,4.3071813,50.8669939,5,2018-09-20 9:04:04
Device 19,4.3071727,50.8670234,4,2018-09-20 9:04:32
Device 19,4.3071526,50.8670491,4,2018-09-20 9:05:01
Device 19,4.305418,50.8670017,4,2018-09-20 9:07:17
Device 19,4.3049924,50.8667266,5,2018-09-20 9:08:33
Device 19,4.3050001,50.8667046,4,2018-09-20 9:08:39
Device 19,4.3049937,50.8666912,4,2018-09-20 9:09:08
Device 19,4.30499,50.8666855,5,2018-09-20 9:09:21
Device 19,4.3049817,50.8659651,4,2018-09-20 9:11:31
Device 19,4.3049919,50.8659785,4,2018-09-20 9:13:07
Device 19,4.3050491,50.8660161,4,2018-09-20 9:13:51
Device 19,4.3052141,50.8660294,4,2018-09-20 9:14:09
Device 19,4.3054752,50.8659665,4,2018-09-20 9:14:26
Device 19,4.3054837,50.8659075,4,2018-09-20 9:14:34
Device 19,4.3055055,50.8657653,4,2018-09-20 9:14:47
Device 19,4.30622,50.8649296,4,2018-09-20 9:16:08
Device 19,4.3062835,50.86491,5,2018-09-20 9:16:50
Device 19,4.3063032,50.8648777,5,2018-09-20 9:17:25
Device 19,4.3063064,50.8648747,4,2018-09-20 9:17:30
Device 19,4.3066693,50.8649243,5,2018-09-20 9:19:02
Device 19,4.3066996,50.8648986,4,2018-09-20 9:19:07
Device 19,4.3067363,50.8648411,4,2018-09-20 9:19:13
Device 19,4.3067741,50.8647805,4,2018-09-20 9:19:19
Device 19,4.3083893,50.8649955,5,2018-09-20 9:21:24
Device 19,4.3084047,50.8650115,5,2018-09-20 9:21:49
Device 19,4.3103542,50.8656142,4,2018-09-20 9:25:09
Device 19,4.3103691,50.865622,5,2018-09-20 9:25:43
Device 19,4.3103619,50.8656199,5,2018-09-20 9:25:52
Device 19,4.3103653,50.8656207,4,2018-09-20 9:26:02
Device 19,4.3096614,50.8663212,4,2018-09-20 9:27:36
Device 19,4.3094081,50.866646,4,2018-09-20 9:28:07
Device 19,4.3092919,50.8666369,4,2018-09-20 9:28:15
Device 19,4.3092087,50.8665469,4,2018-09-20 9:28:50
Device 19,4.3090653,50.8664001,4,2018-09-20 9:29:02
Device 19,4.3088669,50.8661048,5,2018-09-20 9:30:15
,,,,
,,,,
,,,,
,,,,
,,,,
,,,,
,,,,
,,,,
,,,,
,,,,
,,,,
,,,,
,,,,
,,,,
,,,,
,,,,
,,,,
,,,,
,,,,
,,,,
,,,,
,,,,
,,,,
,,,,
,,,,
,,,,
,,,,
,,,,
,,,,
,,,,
,,,,
,,,,
,,,,
,,,,
,,,,
,,,,
,,,,
,,,,
,,,,
,,,,
,,,,
,,,,
,,,,
,,,,
,,,,
,,,,
,,,,
,,,,
,,,,
,,,,
,,,,
,,,,
,,,,
,,,,
,,,,
,,,,
,,,,
,,,,
,,,,
,,,,
,,,,
,,,,
,,,,
,,,,
,,,,
,,,,
,,,,
,,,,
,,,,
,,,,
,,,,
,,,,
,,,,
,,,,
,,,,
,,,,
,,,,
,,,,
,,,,
,,,,
,,,,
,,,,
,,,,
,,,,
,,,,
,,,,
,,,,
,,,,
,,,,
,,,,
,,,,
,,,,
,,,,
,,,,
,,,,
,,,,
,,,,
,,,,
,,,,
,,,,
,,,,
,,,,
,,,,
,,,,
,,,,
,,,,
,,,,
,,,,
,,,,
,,,,
,,,,
,,,,
,,,,
,,,,
,,,,
,,,,
,,,,
,,,,
,,,,
,,,,
,,,,
,,,,
,,,,
,,,,
,,,,
,,,,
,,,,
,,,,
,,,,
,,,,
,,,,
,,,,
,,,,
,,,,
,,,,
,,,,
,,,,
,,,,
,,,,
,,,,
,,,,
,,,,
,,,,
,,,,
,,,,
,,,,
,,,,
,,,,
,,,,
,,,,
,,,,
,,,,
,,,,
,,,,
,,,,
,,,,
,,,,
,,,,
,,,,
,,,,
,,,,
,,,,
,,,,
,,,,
,,,,
,,,,
,,,,
,,,,
,,,,
,,,,
,,,,
,,,,
,,,,
,,,,
,,,,
,,,,
,,,,
,,,,
,,,,
,,,,
,,,,
,,,,
,,,,
,,,,
,,,,
,,,,
,,,,
,,,,
,,,,
,,,,
,,,,
,,,,
,,,,
,,,,
,,,,
,,,,
,,,,
,,,,
,,,,
,,,,
,,,,
,,,,
,,,,
,,,,
,,,,
,,,,
,,,,
,,,,
,,,,
,,,,
,,,,
,,,,
,,,,
,,,,
,,,,
,,,,
,,,,
,,,,
,,,,
,,,,
,,,,
,,,,
,,,,
,,,,
,,,,
,,,,
,,,,
,,,,
,,,,
,,,,
,,,,
,,,,
,,,,
,,,,
,,,,
,,,,
,,,,
,,,,
,,,,
,,,,
,,,,
,,,,
,,,,
,,,,
,,,,
,,,,
,,,,
,,,,
,,,,
,,,,
,,,,
,,,,
,,,,
,,,,
,,,,
,,,,
,,,,
,,,,
,,,,
,,,,
,,,,
,,,,
,,,,
,,,,
,,,,
,,,,
,,,,
,,,,
,,,,
,,,,
,,,,
,,,,
,,,,
,,,,
,,,,
,,,,
,,,,
,,,,
,,,,
,,,,
,,,,
,,,,
,,,,
,,,,
,,,,
,,,,
,,,,
,,,,
,,,,
,,,,
,,,,
,,,,
,,,,
,,,,
,,,,
,,,,
,,,,
,,,,
,,,,
,,,,
,,,,
,,,,
,,,,
,,,,
,,,,
,,,,
,,,,
,,,,
,,,,
,,,,
,,,,
,,,,
,,,,
,,,,
,,,,
,,,,
,,,,
,,,,
,,,,
,,,,
,,,,
,,,,
,,,,
,,,,
,,,,
,,,,
,,,,
,,,,
,,,,
,,,,
,,,,
,,,,
,,,,
,,,,
,,,,
,,,,
,,,,
,,,,
,,,,
,,,,
,,,,
,,,,
,,,,
,,,,
,,,,
,,,,
,,,,
,,,,
,,,,
,,,,
,,,,
,,,,
,,,,
,,,,
,,,,
,,,,
,,,,
,,,,
,,,,
,,,,
,,,,
,,,,
,,,,
,,,,
,,,,
,,,,
,,,,
,,,,
,,,,
,,,,
,,,,
,,,,
,,,,
,,,,
,,,,
,,,,
,,,,
,,,,
,,,,
,,,,
,,,,
,,,,
,,,,
,,,,
,,,,
,,,,
,,,,
,,,,
,,,,
,,,,
,,,,
,,,,
,,,,
,,,,
,,,,
,,,,
,,,,
,,,,
,,,,
,,,,
,,,,
,,,,
,,,,
,,,,
,,,,
,,,,
,,,,
,,,,
,,,,
,,,,
,,,,
,,,,
,,,,
,,,,
,,,,
,,,,
,,,,
,,,,
,,,,
,,,,
,,,,
,,,,
,,,,
,,,,
,,,,
,,,,
,,,,
,,,,
,,,,
,,,,
,,,,
,,,,
,,,,
,,,,
,,,,
,,,,
,,,,
,,,,
,,,,
,,,,
,,,,
,,,,
,,,,
,,,,
,,,,
,,,,
,,,,
,,,,
,,,,
,,,,
,,,,
,,,,
,,,,
,,,,
,,,,
,,,,
,,,,
,,,,
,,,,
,,,,
,,,,
,,,,
,,,,
,,,,
,,,,
,,,,
,,,,
,,,,
,,,,
,,,,
,,,,
,,,,
,,,,
,,,,
,,,,
,,,,
,,,,
,,,,
,,,,
,,,,
,,,,
,,,,
,,,,
,,,,
,,,,
,,,,
,,,,
,,,,
,,,,
,,,,
,,,,
,,,,
,,,,
,,,,
,,,,
,,,,
,,,,
,,,,
,,,,
,,,,
,,,,
,,,,
,,,,
,,,,
,,,,
,,,,
,,,,
,,,,
,,,,
,,,,
,,,,
,,,,
,,,,
,,,,
,,,,
,,,,
,,,,
,,,,
,,,,
,,,,
,,,,
,,,,
,,,,
,,,,
,,,,
,,,,
,,,,
,,,,
,,,,
,,,,
,,,,
,,,,
,,,,
,,,,
,,,,
,,,,
,,,,
,,,,
,,,,
,,,,
,,,,
,,,,
,,,,
,,,,
,,,,
,,,,
,,,,
,,,,
,,,,
,,,,
,,,,
,,,,
,,,,
,,,,
,,,,
,,,,
,,,,
,,,,
,,,,
,,,,
,,,,
,,,,
,,,,
,,,,
,,,,
,,,,
,,,,
,,,,
,,,,
,,,,
,,,,
,,,,
,,,,
,,,,
,,,,
,,,,
,,,,
,,,,
,,,,
,,,,
,,,,
,,,,
,,,,
,,,,
,,,,
,,,,
,,,,
,,,,
,,,,
,,,,
,,,,
,,,,
,,,,
,,,,
,,,,
,,,,
,,,,
,,,,
,,,,
,,,,
,,,,
,,,,
,,,,
,,,,
,,,,
,,,,
,,,,
,,,,
,,,,
,,,,
,,,,
,,,,
,,,,
,,,,
,,,,
,,,,
,,,,
,,,,
,,,,
,,,,
,,,,
,,,,
,,,,
,,,,
,,,,
,,,,
,,,,
,,,,
,,,,
,,,,
,,,,
,,,,
,,,,
,,,,
,,,,
,,,,
,,,,
,,,,
,,,,
,,,,
,,,,
,,,,
,,,,
,,,,
,,,,
,,,,
,,,,
,,,,
,,,,
,,,,
,,,,
,,,,
,,,,
,,,,
,,,,
,,,,
,,,,
,,,,
,,,,
,,,,
,,,,
,,,,
,,,,
,,,,
,,,,
,,,,
,,,,
,,,,
,,,,
,,,,
,,,,
,,,,
,,,,
,,,,
,,,,
,,,,
,,,,
,,,,
,,,,
,,,,
,,,,
,,,,
,,,,
,,,,
,,,,
,,,,
,,,,
,,,,
,,,,
,,,,
,,,,
,,,,
,,,,
,,,,
,,,,
,,,,
,,,,
,,,,
,,,,
,,,,
,,,,
,,,,
,,,,
,,,,
,,,,
,,,,
,,,,
,,,,
,,,,
,,,,
,,,,
,,,,
,,,,
,,,,
,,,,
,,,,
,,,,
,,,,
,,,,
,,,,
,,,,
,,,,
,,,,
,,,,
,,,,
,,,,
,,,,
,,,,
,,,,
,,,,
,,,,
,,,,
,,,,
,,,,
,,,,
,,,,
,,,,
,,,,
,,,,
,,,,
,,,,
,,,,
,,,,
,,,,
,,,,
,,,,
,,,,
,,,,
,,,,
Device 22,4.3525102,50.8410219,5,2018-12-07 9:50:26
Device 22,4.3525102,50.8410219,4,2018-12-07 9:50:51
Device 22,4.3525397,50.8412674,5,2018-12-07 9:51:43
Device 22,4.3525373,50.8412475,5,2018-12-07 9:53:17
Device 22,4.3525373,50.8412475,5,2018-12-07 9:53:30
Device 22,4.3525373,50.8412475,5,2018-12-07 9:53:41
Device 22,4.3526315,50.8413453,2,2018-12-07 9:55:40
Device 22,4.3510155,50.8421561,5,2018-12-07 9:59:00
Device 22,4.3510159,50.8421558,4,2018-12-07 9:59:11
Device 22,4.3510159,50.8421558,4,2018-12-07 9:59:18
Device 22,4.3510548,50.8421566,2,2018-12-07 10:00:21
Device 22,4.3510548,50.8421566,5,2018-12-07 10:00:59
Device 22,4.3537974,50.841537,5,2018-12-07 10:06:23
Device 22,4.3537842,50.8415385,5,2018-12-07 10:06:55
Device 22,4.3564101,50.8397505,5,2018-12-07 10:14:17
Device 22,4.3537417,50.8393616,4,2018-12-07 10:20:09
Device 22,4.3537417,50.8393616,2,2018-12-07 10:20:49
Device 22,4.3538042,50.8394115,5,2018-12-07 10:21:20
Device 22,4.3548412,50.8403279,5,2018-12-07 10:24:30
Device 22,4.354875,50.8403861,4,2018-12-07 10:26:09
Device 22,4.3549432,50.8404414,5,2018-12-07 10:26:48
Device 22,4.3525722,50.8412683,5,2018-12-07 10:35:45
,,,,
,,,,
,,,,
,,,,
,,,,
,,,,
,,,,
,,,,
,,,,
,,,,
,,,,
,,,,
,,,,
,,,,
,,,,
,,,,
,,,,
,,,,
,,,,
,,,,
,,,,
,,,,
,,,,
,,,,
,,,,
,,,,
,,,,
,,,,
,,,,
,,,,
,,,,
,,,,
,,,,
,,,,
,,,,
,,,,
,,,,
,,,,
,,,,
,,,,
,,,,
,,,,
,,,,
,,,,
,,,,
,,,,
,,,,
,,,,
,,,,
,,,,
,,,,
,,,,
,,,,
,,,,
,,,,
,,,,
,,,,
,,,,
,,,,
,,,,
,,,,
,,,,
,,,,
,,,,
,,,,
,,,,
,,,,
,,,,
,,,,
,,,,
,,,,
,,,,
,,,,
,,,,
,,,,
,,,,
,,,,
,,,,
,,,,
,,,,
,,,,
,,,,
,,,,
,,,,
,,,,
,,,,
,,,,
,,,,
,,,,
,,,,
,,,,
,,,,
,,,,
,,,,
,,,,
,,,,
,,,,
,,,,
,,,,
,,,,
,,,,
,,,,
,,,,
,,,,
,,,,
,,,,
,,,,
,,,,
,,,,
,,,,
,,,,
,,,,
,,,,
,,,,
,,,,
,,,,
,,,,
,,,,
,,,,
,,,,
,,,,
,,,,
,,,,
,,,,
,,,,
,,,,
,,,,
,,,,
,,,,
,,,,
,,,,
,,,,
,,,,
,,,,
,,,,
,,,,
,,,,
,,,,
,,,,
,,,,
,,,,
,,,,
,,,,
,,,,
,,,,
,,,,
,,,,
,,,,
,,,,
,,,,
,,,,
,,,,
,,,,
,,,,
,,,,
,,,,
,,,,
,,,,
,,,,
,,,,
,,,,
,,,,
,,,,
,,,,
,,,,
,,,,
,,,,
,,,,
,,,,
,,,,
,,,,
,,,,
,,,,
,,,,
,,,,
,,,,
,,,,
,,,,
,,,,
,,,,
,,,,
,,,,
,,,,
,,,,
,,,,
,,,,
,,,,
,,,,
,,,,
,,,,
,,,,
,,,,
,,,,
,,,,
,,,,
,,,,
,,,,
,,,,
,,,,
,,,,
,,,,
,,,,
,,,,
,,,,
,,,,
,,,,
,,,,
,,,,
,,,,
,,,,
,,,,
,,,,
,,,,
,,,,
,,,,
,,,,
,,,,
,,,,
,,,,
,,,,
,,,,
,,,,
,,,,
,,,,
,,,,
,,,,
,,,,
,,,,
,,,,
,,,,
,,,,
,,,,
,,,,
,,,,
,,,,
,,,,
,,,,
,,,,
,,,,
,,,,
,,,,
,,,,
,,,,
,,,,
,,,,
,,,,
,,,,
,,,,
,,,,
,,,,
,,,,
,,,,
,,,,
,,,,
,,,,
,,,,
,,,,
,,,,
,,,,
,,,,
,,,,
,,,,
,,,,
,,,,
,,,,
,,,,
,,,,
,,,,
,,,,
,,,,
,,,,
,,,,
,,,,
,,,,
,,,,
,,,,
,,,,
,,,,
,,,,
,,,,
,,,,
,,,,
,,,,
,,,,
,,,,
,,,,
,,,,
,,,,
,,,,
,,,,
,,,,
,,,,
,,,,
,,,,
,,,,
,,,,
,,,,
,,,,
,,,,
,,,,
,,,,
,,,,
,,,,
,,,,
,,,,
,,,,
,,,,
,,,,
,,,,
,,,,
,,,,
,,,,
,,,,
,,,,
,,,,
,,,,
,,,,
,,,,
,,,,
,,,,
,,,,
,,,,
,,,,
,,,,
,,,,
,,,,
,,,,
,,,,
,,,,
,,,,
,,,,
,,,,
,,,,
,,,,
,,,,
,,,,
,,,,
,,,,
,,,,
,,,,
,,,,
,,,,
,,,,
,,,,
,,,,
,,,,
,,,,
,,,,
,,,,
,,,,
,,,,
,,,,
,,,,
,,,,
,,,,
,,,,
,,,,
,,,,
,,,,
,,,,
,,,,
,,,,
,,,,
,,,,
,,,,
,,,,
,,,,
,,,,
,,,,
,,,,
,,,,
,,,,
,,,,
,,,,
,,,,
,,,,
,,,,
,,,,
,,,,
,,,,
,,,,
,,,,
,,,,
,,,,
,,,,
,,,,
,,,,
,,,,
,,,,
,,,,
,,,,
,,,,
,,,,
,,,,
,,,,
,,,,
,,,,
,,,,
,,,,
,,,,
,,,,
,,,,
,,,,
,,,,
,,,,
,,,,
,,,,
,,,,
,,,,
,,,,
,,,,
,,,,
,,,,
,,,,
,,,,
,,,,
,,,,
,,,,
,,,,
,,,,
,,,,
,,,,
,,,,
,,,,
,,,,
,,,,
,,,,
,,,,
,,,,
,,,,
,,,,
,,,,
,,,,
,,,,
,,,,
,,,,
,,,,
,,,,
,,,,
,,,,
,,,,
,,,,
,,,,
,,,,
,,,,
,,,,
,,,,
,,,,
,,,,
,,,,
,,,,
,,,,
,,,,
,,,,
,,,,
,,,,
,,,,
,,,,
,,,,
,,,,
,,,,
,,,,
,,,,
,,,,
,,,,
,,,,
,,,,
,,,,
,,,,
,,,,
,,,,
,,,,
,,,,
,,,,
,,,,
,,,,
,,,,
,,,,
,,,,
,,,,
,,,,
,,,,
,,,,
,,,,
,,,,
,,,,
,,,,
,,,,
,,,,
,,,,
,,,,
,,,,
,,,,
,,,,
,,,,
,,,,
,,,,
,,,,
,,,,
,,,,
,,,,
,,,,
,,,,
,,,,
,,,,
,,,,
,,,,
,,,,
,,,,
,,,,
,,,,
,,,,
,,,,
,,,,
,,,,
,,,,
,,,,
,,,,
,,,,
,,,,
,,,,
,,,,
,,,,
,,,,
,,,,
,,,,
,,,,
,,,,
,,,,
,,,,
,,,,
,,,,
,,,,
,,,,
,,,,
,,,,
,,,,
,,,,
,,,,
,,,,
,,,,
,,,,
,,,,
,,,,
,,,,
,,,,
,,,,
,,,,
,,,,
,,,,
,,,,
,,,,
,,,,
,,,,
,,,,
,,,,
,,,,
,,,,
,,,,
,,,,
,,,,
,,,,
,,,,
,,,,
,,,,
,,,,
,,,,
,,,,
,,,,
,,,,
,,,,
,,,,
,,,,
,,,,
,,,,
,,,,
,,,,
,,,,
,,,,
,,,,
,,,,
,,,,
,,,,
,,,,
,,,,
,,,,
,,,,
,,,,
,,,,
,,,,
,,,,
,,,,
,,,,
,,,,
,,,,
,,,,
,,,,
,,,,
,,,,
,,,,
,,,,
,,,,
,,,,
,,,,
,,,,
,,,,
,,,,
,,,,
,,,,
,,,,
,,,,
,,,,
,,,,
,,,,
,,,,
,,,,
,,,,
,,,,
,,,,
,,,,
,,,,
,,,,
,,,,
,,,,
,,,,
,,,,
,,,,
,,,,
,,,,
,,,,
,,,,
,,,,
,,,,
,,,,
,,,,
,,,,
,,,,
,,,,
,,,,
,,,,
,,,,
,,,,
,,,,
,,,,
,,,,
,,,,
,,,,
,,,,
,,,,
,,,,
,,,,
,,,,
,,,,
,,,,
,,,,
,,,,
,,,,
,,,,
,,,,
,,,,
,,,,
,,,,
,,,,
,,,,
,,,,
,,,,
,,,,
,,,,
,,,,
,,,,
,,,,
,,,,
,,,,
,,,,
,,,,
,,,,
,,,,
,,,,
,,,,
,,,,
,,,,
,,,,
,,,,
,,,,
,,,,
,,,,
,,,,
,,,,
,,,,
,,,,
,,,,
,,,,
,,,,
,,,,
,,,,
,,,,
,,,,
,,,,
,,,,
,,,,
,,,,
,,,,
,,,,
,,,,
,,,,
,,,,
,,,,
,,,,
,,,,
,,,,
,,,,
,,,,
,,,,
,,,,
,,,,
,,,,
,,,,
,,,,
,,,,
,,,,
,,,,
,,,,
,,,,
,,,,
,,,,
,,,,
,,,,
,,,,
,,,,
,,,,
,,,,
,,,,
,,,,
,,,,
,,,,
,,,,
,,,,
,,,,
,,,,
,,,,
,,,,
,,,,
,,,,
,,,,
,,,,
,,,,
,,,,
,,,,
,,,,
,,,,
,,,,
,,,,
,,,,
,,,,
,,,,
,,,,
,,,,
,,,,
,,,,
,,,,
,,,,
,,,,
,,,,
,,,,
,,,,
,,,,
,,,,
,,,,
,,,,
,,,,
,,,,
,,,,
,,,,
,,,,
,,,,
,,,,
,,,,
,,,,
,,,,
,,,,
,,,,
,,,,
,,,,
,,,,
,,,,
,,,,
,,,,
,,,,
,,,,
,,,,
,,,,
,,,,
,,,,
,,,,
,,,,
,,,,
,,,,
,,,,
,,,,
,,,,
,,,,
,,,,
,,,,
,,,,
,,,,
,,,,
,,,,
,,,,
,,,,
,,,,
,,,,
,,,,
,,,,
,,,,
,,,,
,,,,
,,,,
,,,,
,,,,
,,,,
,,,,
,,,,
,,,,
,,,,
,,,,
,,,,
,,,,
,,,,
,,,,
,,,,
,,,,
,,,,
,,,,
,,,,
,,,,
,,,,
,,,,
,,,,
,,,,
,,,,
,,,,
,,,,
,,,,
,,,,
,,,,
,,,,
,,,,
,,,,
,,,,
,,,,
,,,,
,,,,
,,,,
,,,,
,,,,
,,,,
,,,,
,,,,
,,,,
,,,,
,,,,
,,,,
,,,,
,,,,
,,,,
,,,,
,,,,
,,,,
,,,,
,,,,
,,,,
,,,,
,,,,
,,,,
,,,,
,,,,
,,,,
,,,,
,,,,
,,,,
,,,,
,,,,
,,,,
,,,,
,,,,
,,,,
,,,,
,,,,
,,,,
,,,,
,,,,
,,,,
,,,,
,,,,
,,,,
,,,,
,,,,
,,,,
,,,,
,,,,
,,,,
,,,,
,,,,
,,,,
,,,,
,,,,
,,,,
,,,,
,,,,
,,,,
,,,,
,,,,
,,,,
,,,,
,,,,
,,,,
,,,,
,,,,
,,,,
,,,,
,,,,
,,,,
,,,,
,,,,
,,,,
,,,,
,,,,
,,,,
,,,,
,,,,
,,,,
,,,,
,,,,
,,,,
,,,,
,,,,
,,,,
,,,,
,,,,
,,,,
,,,,
,,,,
,,,,
,,,,
,,,,
,,,,
,,,,
,,,,
,,,,
,,,,
,,,,
,,,,
,,,,
,,,,
,,,,
,,,,
,,,,
,,,,
,,,,
,,,,
,,,,
,,,,
,,,,
,,,,
,,,,
,,,,
,,,,
,,,,
,,,,
,,,,
,,,,
,,,,
,,,,
Device 23,4.3525895,50.8412631,5,2018-12-07 9:46:06
Device 23,4.3525895,50.8412631,4,2018-12-07 9:47:07
Device 23,4.3525895,50.8412631,4,2018-12-07 9:49:11
Device 23,4.3525895,50.8412631,4,2018-12-07 9:50:00
Device 23,4.3525895,50.8412631,4,2018-12-07 9:50:51
Device 23,4.351183,50.8422965,2,2018-12-07 10:00:30
Device 23,4.3538537,50.8414562,4,2018-12-07 10:06:29
Device 23,4.3539375,50.8415616,5,2018-12-07 10:06:54
Device 23,4.3537418,50.8412762,4,2018-12-07 10:08:07
Device 23,4.3560139,50.8396368,2,2018-12-07 10:13:23
Device 23,4.3560139,50.8396368,2,2018-12-07 10:13:30
Device 23,4.3562928,50.8399137,5,2018-12-07 10:13:55
Device 23,4.3562026,50.8398457,5,2018-12-07 10:14:13
Device 23,4.3537702,50.8394214,4,2018-12-07 10:20:17
Device 23,4.3537586,50.839371,4,2018-12-07 10:21:12
Device 23,4.3537207,50.8393178,5,2018-12-07 10:21:18
Device 23,4.3537261,50.8393215,5,2018-12-07 10:21:41
Device 23,4.35373,50.8411113,4,2018-12-07 10:31:00
Device 23,4.3537013,50.8410817,4,2018-12-07 10:31:16